Crime_id,Zona,Periculosidade,Viaturas_Apoio_Forca_Tatica,Patrulhamento,Policiamento_Ostensivo,Apoio_GCM,Arma_Fogo,Qtde_Vitimas,Possui_DP,Tipo_Policiamento,Area_Residencial,Ocorrencia_Atendida_15_Minutos,Pericia,Possui_UPP,Iluminacao
crime_1,Zona_Sul,Altissimo,4,Sim,Sim,Nao,Nao,4,Sim,Patrulhamento_Batalhoes_Diversos,Nao,Nao,Nao,Sim,Sim
crime_2,Zona_Sul,Altissimo,5+,Sim,Sim,Nao,Sim,5+,Nao,Policiamento_via_Companhia,Sim,Sim,Nao,Nao,Sim
crime_3,Zona_Sul,Altissimo,4,Sim,Sim,Nao,Sim,3,Sim,Batalhao_Dedicado,Sim,Sim,Nao,Sim,Sim
crime_4,Zona_Sul,Altissimo,2,Sim,Sim,Nao,Sim,2,Sim,Patrulhamento_Batalhoes_Diversos,Sim,Sim,Sim,Sim,Sim
crime_5,Zona_Sul,Altissimo,3,Sim,Sim,Nao,Sim,4,Sim,Policiamento_via_Companhia,Sim,Nao,Nao,Nao,Sim
crime_6,Zona_Sul,Altissimo,1,Nao,Nao,Nao,Sim,3,DP_12_Horas,Policia_Comunitaria_Escolar,Nao,Nao,Sim,Nao,Nao
crime_7,Zona_Sul,Altissimo,3,Sim,Sim,Nao,Sim,3,Sim,Policia_Comunitaria_Escolar,Sim,Sim,Nao,Nao,Sim
crime_8,Zona_Sul,Altissimo,1,Sim,Sim,Sim,Sim,3,Sim,Batalhao_Dedicado,Sim,Nao,Sim,Sim,Sim
crime_9,Zona_Sul,Baixissimo,5+,Sim,Sim,Nao,Sim,5+,Sim,Policiamento_via_Companhia,Sim,Sim,Sim,Sim,Sim
crime_10,Zona_Sul,Altissimo,3,Sim,Sim,Nao,Sim,3,Sim,Batalhao_Dedicado,Sim,Sim,Sim,Sim,Sim
crime_11,Zona_Naorte,Altissimo,2,Sim,Sim,Sim,Nao,2,Sim,Patrulhamento_Batalhoes_Diversos,Nao,Sim,Sim,Nao,Sim
crime_12,Zona_Sul,Altissimo,3,Sim,Sim,Nao,Nao,4,Sim,Batalhao_Dedicado,Sim,Sim,Sim,Sim,Sim
crime_13,Zona_Sul,Altissimo,3,Sim,Sim,Nao,Sim,5+,Nao,Batalhao_Dedicado,Sim,Sim,Nao,Nao,Sim
crime_14,Zona_Naorte,Altissimo,3,Nao,Sim,Nao,Sim,2,Sim,Batalhao_Dedicado,Sim,Nao,Sim,Sim,Sim
crime_15,Zona_Naorte,Altissimo,1,Nao,Nao,Nao,Sim,3,DP_12_Horas,Policia_Comunitaria_Escolar,Nao,Nao,Sim,Nao,Nao
crime_16,Zona_Sul,Altissimo,5+,Sim,Sim,Nao,Sim,5+,Sim,Batalhao_Dedicado,Sim,Sim,Sim,Sim,Sim
crime_17,Zona_Sul,Altissimo,1,Nao,Nao,Nao,Sim,3,DP_12_Horas,Policia_Comunitaria_Escolar,Nao,Nao,Sim,Nao,Nao
crime_18,Zona_Sul,Altissimo,5+,Sim,Sim,Nao,Sim,5+,Sim,Patrulhamento_Batalhoes_Diversos,Sim,Sim,Nao,Sim,Sim
crime_19,Zona_Sul,Altissimo,5+,Sim,Sim,Nao,Sim,5+,Sim,Patrulhamento_Batalhoes_Diversos,Sim,Sim,Sim,Sim,Sim
crime_20,Zona_Sul,Altissimo,5+,Sim,Sim,Nao,Sim,5+,Sim,Patrulhamento_Batalhoes_Diversos,Sim,Sim,Sim,Sim,Sim
crime_21,Zona_Sul,Altissimo,5+,Sim,Sim,Nao,Nao,5+,Sim,Batalhao_Dedicado,Sim,Sim,Sim,Nao,Sim
crime_22,Zona_Sul,Baixissimo,5+,Sim,Sim,Sim,Nao,5+,Sim,Patrulhamento_Batalhoes_Diversos,Sim,Sim,Sim,Nao,Sim
crime_23,Zona_Oeste,Altissimo,1,Nao,Nao,Nao,Sim,3,DP_12_Horas,Policia_Comunitaria_Escolar,Nao,Nao,Sim,Nao,Nao
crime_24,Zona_Sul,Altissimo,2,Nao,Nao,Sim,Nao,2,Sim,Patrulhamento_Batalhoes_Diversos,Sim,Nao,Sim,Sim,Sim
crime_25,Zona_Sul,Altissimo,1,Nao,Nao,Nao,Sim,3,DP_12_Horas,Policia_Comunitaria_Escolar,Nao,Nao,Sim,Nao,Nao
crime_26,Zona_Naorte,Altissimo,2,Nao,Sim,Nao,Nao,2,Sim,Batalhao_Dedicado,Sim,Sim,Nao,Sim,Sim
crime_27,Zona_Sul,Altissimo,2,Sim,Sim,Nao,Sim,2,Nao,Policiamento_via_Companhia,Sim,Sim,Nao,Nao,Sim
crime_28,Zona_Sul,Altissimo,3,Sim,Sim,Sim,Sim,3,Sim,Patrulhamento_Batalhoes_Diversos,Sim,Sim,Nao,Sim,Nao
crime_29,Zona_Sul,Altissimo,2,Sim,Sim,Nao,Sim,3,Sim,Patrulhamento_Batalhoes_Diversos,Nao,Nao,Nao,Sim,Sim
crime_30,Zona_Sul,Altissimo,2,Sim,Sim,Nao,Sim,2,Sim,Patrulhamento_Batalhoes_Diversos,Nao,Nao,Nao,Sim,Sim
crime_31,Zona_Sul,Altissimo,2,Sim,Sim,Sim,Sim,2,Sim,Batalhao_Dedicado,Sim,Sim,Sim,Sim,Sim
crime_32,Zona_Sul,Altissimo,1,Nao,Nao,Nao,Sim,3,DP_12_Horas,Policia_Comunitaria_Escolar,Nao,Nao,Sim,Nao,Nao
crime_33,Zona_Sul,Baixissimo,5+,Sim,Sim,Nao,Sim,5+,Sim,Patrulhamento_Batalhoes_Diversos,Sim,Sim,Sim,Sim,Sim
crime_34,Zona_Sul,Baixo,5+,Sim,Sim,Nao,Sim,5+,Nao,Batalhao_Dedicado,Sim,Sim,Sim,Sim,Sim
crime_35,Zona_Sul,Baixo,5+,Sim,Sim,Nao,Sim,5+,Sim,Patrulhamento_Batalhoes_Diversos,Sim,Sim,Sim,Sim,Sim
crime_36,Zona_Sul,Baixissimo,5+,Sim,Sim,Nao,Sim,5+,Sim,Batalhao_Dedicado,Sim,Sim,Sim,Sim,Sim
crime_37,Zona_Sul,Baixissimo,5+,Sim,Sim,Nao,Sim,5+,Sim,Patrulhamento_Batalhoes_Diversos,Sim,Sim,Sim,Sim,Sim
crime_38,Zona_Sul,Baixo,5+,Sim,Sim,Nao,Sim,5+,Sim,Batalhao_Dedicado,Sim,Sim,Sim,Sim,Sim
crime_39,Zona_Sul,Baixissimo,5+,Sim,Sim,Nao,Sim,5+,Sim,Patrulhamento_Batalhoes_Diversos,Sim,Sim,Sim,Sim,Sim
crime_40,Zona_Sul,Baixissimo,5+,Sim,Sim,Nao,Sim,5+,Sim,Batalhao_Dedicado,Sim,Sim,Sim,Sim,Sim
crime_41,Zona_Sul,Baixissimo,3,Sim,Sim,Sim,Sim,5+,Sim,Patrulhamento_Batalhoes_Diversos,Sim,Sim,Sim,Sim,Sim
crime_42,Zona_Sul,Baixissimo,5+,Sim,Sim,Sim,Sim,5+,Sim,Patrulhamento_Batalhoes_Diversos,Sim,Sim,Nao,Nao,Sim
crime_43,Zona_Sul,Altissimo,2,Sim,Sim,Sim,Nao,5+,Sim,Patrulhamento_Batalhoes_Diversos,Nao,Sim,Sim,Sim,Sim
crime_44,Zona_Sul,Baixissimo,5+,Sim,Sim,Nao,Sim,5+,Sim,Policiamento_via_Companhia,Sim,Sim,Sim,Sim,Sim
crime_45,Zona_Sul,Altissimo,1,Nao,Nao,Nao,Sim,3,DP_12_Horas,Policia_Comunitaria_Escolar,Nao,Nao,Sim,Nao,Nao
crime_46,Zona_Sul,Altissimo,1,Nao,Nao,Nao,Sim,3,DP_12_Horas,Policia_Comunitaria_Escolar,Nao,Nao,Sim,Nao,Nao
crime_47,Zona_Sul,Altissimo,1,Nao,Nao,Nao,Sim,3,DP_12_Horas,Policia_Comunitaria_Escolar,Nao,Nao,Sim,Nao,Nao
crime_48,Zona_Sul,Baixo,5+,Sim,Sim,Nao,Nao,5+,Sim,Patrulhamento_Batalhoes_Diversos,Sim,Sim,Sim,Sim,Sim
crime_49,Zona_Sul,Altissimo,5+,Sim,Sim,Nao,Sim,5+,Sim,Batalhao_Dedicado,Sim,Sim,Sim,Sim,Sim
crime_50,Zona_Sul,Altissimo,5+,Sim,Sim,Sim,Nao,2,Sim,Batalhao_Dedicado,Sim,Nao,Sim,Sim,Sim
crime_51,Zona_Sul,Altissimo,5+,Sim,Sim,Sim,Sim,4,Sim,Batalhao_Dedicado,Sim,Sim,Sim,Sim,Sim
crime_52,Zona_Sul,Baixissimo,5+,Sim,Sim,Sim,Sim,5+,Sim,Patrulhamento_Batalhoes_Diversos,Sim,Sim,Nao,Sim,Sim
crime_53,Zona_Sul,Medio,4,Sim,Sim,Nao,Sim,3,Sim,Policia_Comunitaria_Escolar,Sim,Sim,Nao,Sim,Sim
crime_54,Zona_Sul,Altissimo,3,Sim,Sim,Nao,Sim,1,Nao,Policiamento_via_Companhia,Sim,Nao,Nao,Nao,Sim
crime_55,Zona_Sul,Baixissimo,5+,Sim,Sim,Nao,Sim,5+,Sim,Patrulhamento_Batalhoes_Diversos,Sim,Sim,Sim,Sim,Sim
crime_56,Zona_Sul,Baixissimo,5+,Sim,Sim,Sim,Nao,5+,Sim,Patrulhamento_Batalhoes_Diversos,Sim,Sim,Nao,Sim,Sim
crime_57,Zona_Sul,Baixo,5+,Sim,Sim,Nao,Nao,5+,Sim,Patrulhamento_Batalhoes_Diversos,Sim,Sim,Sim,Sim,Sim
crime_58,Zona_Sul,Baixissimo,5+,Sim,Sim,Sim,Sim,5+,Sim,Patrulhamento_Batalhoes_Diversos,Sim,Sim,Sim,Sim,Sim
crime_59,Zona_Naorte,Altissimo,5+,Sim,Sim,Sim,Sim,5+,Sim,Patrulhamento_Batalhoes_Diversos,Sim,Sim,Sim,Sim,Sim
crime_60,Zona_Naorte,Altissimo,3,Sim,Sim,Sim,Nao,3,Sim,Batalhao_Dedicado,Sim,Sim,Sim,Nao,Sim
crime_61,Zona_Naorte,Altissimo,3,Sim,Sim,Nao,Nao,3,Sim,Batalhao_Dedicado,Sim,Sim,Sim,Sim,Sim
crime_62,Zona_Naorte,Altissimo,5+,Sim,Sim,Nao,Sim,5+,Sim,Patrulhamento_Batalhoes_Diversos,Sim,Sim,Sim,Sim,Sim
crime_63,Zona_Naorte,Altissimo,5+,Sim,Sim,Sim,Sim,5+,Sim,Patrulhamento_Batalhoes_Diversos,Sim,Sim,Sim,Sim,Sim
crime_64,Zona_Sul,Altissimo,5+,Sim,Sim,Nao,Sim,5+,Sim,Batalhao_Dedicado,Sim,Nao,Sim,Sim,Sim
crime_65,Zona_Naorte,Altissimo,3,Sim,Sim,Nao,Sim,3,Sim,Policiamento_via_Companhia,Sim,Sim,Sim,Sim,Sim
crime_66,Zona_Naorte,Altissimo,4,Sim,Sim,Sim,Nao,4,Sim,Patrulhamento_Batalhoes_Diversos,Sim,Sim,Sim,Sim,Sim
crime_67,Zona_Sul,Altissimo,3,Sim,Sim,Sim,Nao,5+,Sim,Patrulhamento_Batalhoes_Diversos,Sim,Sim,Nao,Sim,Sim
crime_68,Zona_Sul,Altissimo,4,Sim,Sim,Nao,Sim,4,Nao,Policia_Comunitaria_Escolar,Sim,Sim,Nao,Sim,Sim
crime_69,Zona_Leste,Altissimo,1,Nao,Nao,Nao,Sim,3,DP_12_Horas,Policia_Comunitaria_Escolar,Nao,Nao,Sim,Nao,Nao
crime_70,Zona_Sul,Altissimo,2,Sim,Nao,Nao,Sim,2,Sim,Patrulhamento_Batalhoes_Diversos,Sim,Sim,Nao,Nao,Sim
crime_71,Zona_Sul,Baixissimo,5+,Sim,Sim,Sim,Sim,5+,Sim,Policia_Comunitaria_Escolar,Sim,Sim,Sim,Sim,Sim
crime_72,Zona_Sul,Baixo,4,Sim,Sim,Nao,Sim,4,Sim,Policia_Comunitaria_Escolar,Sim,Sim,Sim,Sim,Sim
crime_73,Zona_Sul,Baixissimo,5+,Sim,Sim,Nao,Sim,5+,Sim,Patrulhamento_Batalhoes_Diversos,Sim,Sim,Sim,Sim,Sim
crime_74,Zona_Sul,Altissimo,1,Nao,Nao,Nao,Sim,3,DP_12_Horas,Policia_Comunitaria_Escolar,Nao,Nao,Sim,Nao,Nao
crime_75,Zona_Sul,Baixissimo,5+,Sim,Sim,Sim,Sim,5+,Sim,Patrulhamento_Batalhoes_Diversos,Sim,Sim,Sim,Sim,Sim
crime_76,Zona_Sul,Baixo,5+,Sim,Sim,Nao,Sim,5+,Sim,Policia_Comunitaria_Escolar,Sim,Sim,Sim,Nao,Sim
crime_77,Zona_Sul,Altissimo,0,Nao,Nao,Nao,Sim,Nao,DP_12_Horas,Policia_Comunitaria_Escolar,Nao,Nao,Sim,Nao,Nao
crime_78,Zona_Sul,Baixo,4,Sim,Sim,Nao,Sim,5+,Sim,Patrulhamento_Batalhoes_Diversos,Sim,Sim,Sim,Sim,Sim
crime_79,Zona_Sul,Altissimo,5+,Sim,Sim,Nao,Nao,4,Sim,Patrulhamento_Batalhoes_Diversos,Sim,Sim,Sim,Nao,Sim
crime_80,Zona_Sul,Altissimo,1,Sim,Sim,Nao,Sim,1,Sim,Batalhao_Dedicado,Sim,Sim,Sim,Sim,Sim
crime_81,Centro,Altissimo,1,Nao,Nao,Nao,Sim,3,DP_12_Horas,Policia_Comunitaria_Escolar,Nao,Nao,Sim,Nao,Nao
crime_82,Zona_Sul,Altissimo,0,Nao,Nao,Nao,Sim,Nao,DP_12_Horas,Policia_Comunitaria_Escolar,Nao,Nao,Sim,Nao,Nao
crime_83,Zona_Sul,Altissimo,5+,Sim,Sim,Nao,Sim,4,Sim,Batalhao_Dedicado,Sim,Sim,Nao,Sim,Sim
crime_84,Zona_Sul,Baixissimo,5+,Sim,Sim,Nao,Sim,5+,Sim,Batalhao_Dedicado,Sim,Sim,Sim,Sim,Sim
crime_85,Zona_Naorte,Altissimo,2,Sim,Sim,Nao,Sim,2,Sim,Patrulhamento_Batalhoes_Diversos,Sim,Nao,Sim,Nao,Nao
crime_86,Zona_Sul,Altissimo,5+,Nao,Sim,Sim,Nao,5+,Sim,Patrulhamento_Batalhoes_Diversos,Sim,Sim,Sim,Sim,Sim
crime_87,Zona_Sul,Altissimo,5+,Sim,Sim,Sim,Sim,5+,Sim,Policia_Comunitaria_Escolar,Nao,Sim,Sim,Nao,Sim
crime_88,Zona_Sul,Altissimo,4,Sim,Sim,Nao,Nao,3,Sim,Batalhao_Dedicado,Nao,Sim,Sim,Sim,Sim
crime_89,Zona_Sul,Altissimo,4,Sim,Sim,Nao,Nao,4,Nao,Policia_Comunitaria_Escolar,Nao,Nao,Sim,Nao,Nao
crime_90,Zona_Sul,Altissimo,5+,Sim,Sim,Sim,Sim,5+,Sim,Batalhao_Dedicado,Sim,Sim,Nao,Sim,Sim
crime_91,Zona_Naorte,Altissimo,3,Sim,Sim,Sim,Sim,4,Sim,Patrulhamento_Batalhoes_Diversos,Nao,Sim,Sim,Sim,Sim
crime_92,Zona_Sul,Altissimo,0,Nao,Nao,Nao,Sim,3,DP_12_Horas,Policia_Comunitaria_Escolar,Nao,Nao,Sim,Nao,Nao
crime_93,Zona_Sul,Altissimo,2,Sim,Nao,Nao,Sim,2,Sim,Patrulhamento_Batalhoes_Diversos,Sim,Sim,Sim,Sim,Sim
crime_94,Zona_Sul,Altissimo,5+,Sim,Sim,Nao,Sim,5+,Sim,Patrulhamento_Batalhoes_Diversos,Sim,Sim,Sim,Sim,Sim
crime_95,Zona_Sul,Altissimo,2,Sim,Sim,Sim,Sim,2,Sim,Patrulhamento_Batalhoes_Diversos,Sim,Sim,Sim,Sim,Sim
crime_96,Zona_Sul,Altissimo,3,Sim,Sim,Sim,Sim,3,Sim,Patrulhamento_Batalhoes_Diversos,Sim,Sim,Sim,Sim,Sim
crime_97,Zona_Sul,Altissimo,5+,Sim,Sim,Sim,Sim,3,Sim,Patrulhamento_Batalhoes_Diversos,Sim,Sim,Sim,Sim,Sim
crime_98,Zona_Sul,Altissimo,5+,Sim,Sim,Sim,Nao,5+,Sim,Policiamento_via_Companhia,Sim,Sim,Sim,Sim,Sim
crime_99,Zona_Sul,Altissimo,4,Sim,Sim,Sim,Sim,4,Sim,Patrulhamento_Batalhoes_Diversos,Sim,Sim,Sim,Sim,Sim
crime_100,Zona_Sul,Altissimo,1,Nao,Nao,Nao,Sim,3,DP_12_Horas,Policia_Comunitaria_Escolar,Nao,Nao,Sim,Nao,Nao
crime_101,Zona_Sul,Altissimo,4,Sim,Sim,Sim,Sim,4,Sim,Patrulhamento_Batalhoes_Diversos,Sim,Sim,Sim,Sim,Sim
crime_102,Zona_Sul,Altissimo,5+,Sim,Sim,Sim,Sim,5+,Sim,Patrulhamento_Batalhoes_Diversos,Sim,Sim,Sim,Sim,Sim
crime_103,Zona_Sul,Altissimo,5+,Sim,Sim,Sim,Sim,5+,Sim,Patrulhamento_Batalhoes_Diversos,Sim,Sim,Sim,Sim,Sim
crime_104,Zona_Sul,Altissimo,5+,Sim,Sim,Sim,Sim,5+,Sim,Patrulhamento_Batalhoes_Diversos,Sim,Sim,Sim,Sim,Sim
crime_105,Zona_Sul,Altissimo,5+,Sim,Sim,Sim,Sim,5+,Sim,Patrulhamento_Batalhoes_Diversos,Sim,Sim,Sim,Sim,Sim
crime_106,Zona_Sul,Altissimo,5+,Sim,Sim,Sim,Sim,5+,Sim,Patrulhamento_Batalhoes_Diversos,Sim,Sim,Sim,Sim,Sim
crime_107,Zona_Sul,Altissimo,5+,Sim,Sim,Sim,Sim,5+,Sim,Patrulhamento_Batalhoes_Diversos,Sim,Sim,Sim,Sim,Sim
crime_108,Zona_Sul,Altissimo,5+,Sim,Sim,Sim,Sim,5+,Sim,Patrulhamento_Batalhoes_Diversos,Sim,Sim,Sim,Sim,Sim
crime_109,Zona_Sul,Altissimo,5+,Sim,Sim,Sim,Sim,5+,Sim,Patrulhamento_Batalhoes_Diversos,Sim,Sim,Sim,Sim,Sim
crime_110,Zona_Sul,Altissimo,5+,Sim,Sim,Sim,Sim,5+,Sim,Patrulhamento_Batalhoes_Diversos,Sim,Sim,Sim,Sim,Sim
crime_111,Zona_Sul,Altissimo,5+,Sim,Sim,Sim,Sim,5+,Sim,Patrulhamento_Batalhoes_Diversos,Sim,Sim,Sim,Sim,Sim
crime_112,Zona_Sul,Altissimo,5+,Sim,Sim,Sim,Sim,5+,Sim,Batalhao_Dedicado,Sim,Sim,Sim,Sim,Sim
crime_113,Zona_Sul,Altissimo,5+,Sim,Sim,Sim,Sim,5+,Sim,Batalhao_Dedicado,Sim,Sim,Sim,Sim,Sim
crime_114,Zona_Naorte,Baixissimo,5+,Sim,Sim,Sim,Sim,5+,Sim,Patrulhamento_Batalhoes_Diversos,Sim,Sim,Sim,Sim,Sim
crime_115,Zona_Sul,Altissimo,3,Sim,Sim,Nao,Nao,3,Nao,Batalhao_Dedicado,Sim,Nao,Nao,Sim,Sim
crime_116,Zona_Sul,Altissimo,3,Sim,Sim,Nao,Nao,3,Nao,Batalhao_Dedicado,Sim,Nao,Nao,Sim,Sim
crime_117,Zona_Sul,Altissimo,3,Sim,Sim,Nao,Nao,3,Nao,Batalhao_Dedicado,Sim,Nao,Nao,Sim,Sim
crime_118,Zona_Sul,Medio,3,Sim,Sim,Nao,Nao,3,Sim,Batalhao_Dedicado,Sim,Nao,Sim,Sim,Sim
crime_119,Zona_Sul,Medio,3,Sim,Sim,Nao,Nao,3,Sim,Batalhao_Dedicado,Sim,Nao,Sim,Sim,Sim
crime_120,Zona_Sul,Baixo,5+,Sim,Sim,Nao,Nao,5+,Sim,Batalhao_Dedicado,Sim,Nao,Sim,Sim,Sim
crime_121,Zona_Sul,Baixo,5+,Sim,Sim,Nao,Nao,5+,Sim,Batalhao_Dedicado,Sim,Nao,Sim,Sim,Sim
crime_122,Zona_Sul,Medio,3,Sim,Sim,Nao,Nao,3,Sim,Batalhao_Dedicado,Sim,Nao,Sim,Sim,Sim
crime_123,Zona_Sul,Medio,4,Sim,Sim,Nao,Nao,4,Nao,Batalhao_Dedicado,Sim,Nao,Nao,Sim,Sim
crime_124,Zona_Sul,Baixo,5+,Sim,Sim,Nao,Nao,5+,Sim,Patrulhamento_Batalhoes_Diversos,Sim,Nao,Sim,Sim,Sim
crime_125,Zona_Sul,Neutro,2,Sim,Sim,Nao,Sim,2,Nao,Patrulhamento_Batalhoes_Diversos,Sim,Sim,Nao,Nao,Sim
crime_126,Zona_Oeste,Neutro,2,Sim,Sim,Nao,Nao,2,Nao,Patrulhamento_Batalhoes_Diversos,Sim,Sim,Nao,Nao,Sim
crime_127,Centro,Neutro,2,Sim,Sim,Nao,Sim,2,Nao,Patrulhamento_Batalhoes_Diversos,Sim,Sim,Nao,Nao,Sim
crime_128,Zona_Leste,Altissimo,1,Sim,Nao,Nao,Sim,1,Nao,Patrulhamento_Batalhoes_Diversos,Sim,Sim,Nao,Nao,Sim
crime_129,Centro,Neutro,2,Sim,Sim,Sim,Sim,2,Nao,Patrulhamento_Batalhoes_Diversos,Sim,Sim,Nao,Nao,Sim
crime_130,Zona_Oeste,Neutro,2,Sim,Sim,Nao,Sim,2,Sim,Patrulhamento_Batalhoes_Diversos,Sim,Sim,Nao,Nao,Sim
crime_131,Zona_Sul,Neutro,2,Sim,Sim,Nao,Sim,2,Nao,Patrulhamento_Batalhoes_Diversos,Sim,Sim,Nao,Nao,Sim
crime_132,Zona_Leste,Neutro,1,Sim,Sim,Nao,Sim,1,Nao,Batalhao_Dedicado,Sim,Sim,Nao,Nao,Sim
crime_133,Zona_Sul,Neutro,3,Sim,Sim,Nao,Sim,3,Nao,Patrulhamento_Batalhoes_Diversos,Sim,Sim,Nao,Nao,Sim
crime_134,Zona_Sul,Neutro,2,Sim,Sim,Nao,Sim,2,Nao,Patrulhamento_Batalhoes_Diversos,Sim,Sim,Nao,Nao,Sim
crime_135,Zona_Sul,Neutro,2,Sim,Sim,Nao,Sim,2,Nao,Patrulhamento_Batalhoes_Diversos,Sim,Sim,Nao,Nao,Sim
crime_136,Zona_Naorte,Altissimo,1,Sim,Nao,Nao,Sim,1,Nao,Patrulhamento_Batalhoes_Diversos,Sim,Sim,Nao,Nao,Sim
crime_137,Zona_Oeste,Altissimo,2,Sim,Nao,Nao,Sim,2,Nao,Patrulhamento_Batalhoes_Diversos,Sim,Sim,Nao,Nao,Sim
crime_138,Zona_Naorte,Altissimo,1,Sim,Sim,Nao,Nao,1,Nao,Patrulhamento_Batalhoes_Diversos,Nao,Nao,Nao,Nao,Sim
crime_139,Zona_Naorte,Medio,2,Sim,Sim,Nao,Sim,2,Sim,Batalhao_Dedicado,Sim,Sim,Nao,Nao,Sim
crime_140,Zona_Sul,Neutro,3,Sim,Sim,Nao,Sim,3,Nao,Patrulhamento_Batalhoes_Diversos,Sim,Sim,Nao,Nao,Sim
crime_141,Zona_Naorte,Neutro,2,Sim,Sim,Nao,Sim,2,Sim,Patrulhamento_Batalhoes_Diversos,Sim,Sim,Nao,Nao,Sim
crime_142,Zona_Naorte,Neutro,2,Sim,Sim,Nao,Sim,2,Sim,Patrulhamento_Batalhoes_Diversos,Sim,Sim,Nao,Nao,Sim
crime_143,Zona_Sul,Altissimo,1,Sim,Nao,Nao,Sim,2,Sim,Batalhao_Dedicado,Sim,Sim,Nao,Nao,Sim
crime_144,Zona_Sul,Neutro,2,Sim,Sim,Nao,Sim,2,Nao,Patrulhamento_Batalhoes_Diversos,Sim,Sim,Nao,Nao,Sim
crime_145,Zona_Sul,Neutro,2,Sim,Sim,Nao,Sim,2,Nao,Patrulhamento_Batalhoes_Diversos,Sim,Sim,Nao,Nao,Sim
crime_146,Zona_Sul,Neutro,1,Sim,Sim,Nao,Sim,1,Sim,Patrulhamento_Batalhoes_Diversos,Sim,Sim,Nao,Nao,Sim
crime_147,Zona_Sul,Neutro,2,Sim,Sim,Nao,Sim,2,Nao,Patrulhamento_Batalhoes_Diversos,Sim,Sim,Nao,Nao,Sim
crime_148,Centro,Altissimo,1,Sim,Nao,Nao,Sim,2,Nao,Patrulhamento_Batalhoes_Diversos,Sim,Sim,Nao,Nao,Sim
crime_149,Zona_Oeste,Altissimo,1,Sim,Sim,Nao,Nao,1,Nao,Patrulhamento_Batalhoes_Diversos,Sim,Sim,Nao,Nao,Sim
crime_150,Zona_Sul,Neutro,2,Sim,Sim,Nao,Sim,2,Nao,Patrulhamento_Batalhoes_Diversos,Sim,Sim,Nao,Nao,Sim
crime_151,Zona_Naorte,Neutro,3,Sim,Sim,Nao,Nao,3,Nao,Patrulhamento_Batalhoes_Diversos,Sim,Sim,Nao,Nao,Sim
crime_152,Zona_Naorte,Altissimo,1,Sim,Nao,Nao,Sim,1,Nao,Patrulhamento_Batalhoes_Diversos,Sim,Sim,Nao,Nao,Sim
crime_153,Zona_Sul,Neutro,4,Sim,Sim,Nao,Sim,4,Nao,Patrulhamento_Batalhoes_Diversos,Sim,Sim,Nao,Nao,Sim
crime_154,Zona_Oeste,Neutro,4,Sim,Sim,Nao,Sim,4,Nao,Patrulhamento_Batalhoes_Diversos,Sim,Sim,Nao,Nao,Sim
crime_155,Zona_Oeste,Neutro,4,Sim,Sim,Nao,Sim,4,Nao,Patrulhamento_Batalhoes_Diversos,Sim,Sim,Nao,Sim,Nao
crime_156,Zona_Leste,Altissimo,1,Sim,Nao,Nao,Sim,1,DP_12_Horas,Policiamento_via_Companhia,Nao,Sim,Nao,Nao,Nao
crime_157,Zona_Sul,Neutro,2,Sim,Sim,Nao,Sim,2,Nao,Patrulhamento_Batalhoes_Diversos,Sim,Sim,Nao,Nao,Sim
crime_158,Zona_Naorte,Neutro,3,Sim,Sim,Nao,Sim,3,Nao,Patrulhamento_Batalhoes_Diversos,Sim,Sim,Nao,Nao,Sim
crime_159,Centro,Altissimo,1,Sim,Sim,Nao,Nao,1,Nao,Patrulhamento_Batalhoes_Diversos,Sim,Sim,Nao,Nao,Sim
crime_160,Zona_Sul,Neutro,2,Sim,Sim,Nao,Sim,2,Nao,Patrulhamento_Batalhoes_Diversos,Sim,Sim,Nao,Nao,Sim
crime_161,Zona_Leste,Neutro,2,Sim,Sim,Nao,Sim,2,Nao,Patrulhamento_Batalhoes_Diversos,Sim,Sim,Nao,Nao,Sim
crime_162,Centro,Neutro,2,Sim,Sim,Nao,Sim,2,Nao,Patrulhamento_Batalhoes_Diversos,Sim,Sim,Nao,Nao,Sim
crime_163,Zona_Sul,Neutro,3,Sim,Sim,Nao,Sim,3,Nao,Patrulhamento_Batalhoes_Diversos,Sim,Sim,Nao,Nao,Sim
crime_164,Centro,Neutro,3,Sim,Sim,Nao,Sim,3,DP_12_Horas,Policiamento_via_Companhia,Nao,Sim,Nao,Nao,Nao
crime_165,Zona_Naorte,Altissimo,1,Sim,Nao,Nao,Sim,2,Sim,Patrulhamento_Batalhoes_Diversos,Sim,Sim,Nao,Nao,Sim
crime_166,Zona_Sul,Altissimo,1,Sim,Nao,Nao,Sim,1,Nao,Patrulhamento_Batalhoes_Diversos,Nao,Nao,Nao,Nao,Sim
crime_167,Zona_Oeste,Altissimo,1,Sim,Nao,Nao,Sim,2,Sim,Batalhao_Dedicado,Sim,Sim,Nao,Nao,Sim
crime_168,Zona_Sul,Altissimo,1,Sim,Sim,Nao,Sim,1,Nao,Patrulhamento_Batalhoes_Diversos,Sim,Sim,Nao,Nao,Sim
crime_169,Zona_Leste,Altissimo,1,Sim,Nao,Nao,Sim,1,Nao,Patrulhamento_Batalhoes_Diversos,Sim,Sim,Nao,Nao,Sim
crime_170,Zona_Leste,Altissimo,1,Sim,Nao,Nao,Sim,1,Nao,Patrulhamento_Batalhoes_Diversos,Sim,Sim,Nao,Nao,Sim
crime_171,Zona_Sul,Neutro,3,Sim,Sim,Nao,Sim,3,Nao,Patrulhamento_Batalhoes_Diversos,Sim,Sim,Nao,Nao,Sim
crime_172,Zona_Sul,Neutro,2,Sim,Sim,Nao,Sim,2,Nao,Patrulhamento_Batalhoes_Diversos,Sim,Sim,Nao,Nao,Sim
crime_173,Zona_Leste,Neutro,2,Sim,Sim,Nao,Nao,2,Nao,Patrulhamento_Batalhoes_Diversos,Sim,Sim,Nao,Nao,Sim
crime_174,Zona_Sul,Neutro,3,Sim,Sim,Nao,Sim,3,Nao,Patrulhamento_Batalhoes_Diversos,Sim,Sim,Nao,Nao,Sim
crime_175,Zona_Sul,Baixo,5+,Sim,Sim,Nao,Nao,5+,Sim,Patrulhamento_Batalhoes_Diversos,Sim,Sim,Sim,Nao,Sim
crime_176,Zona_Sul,Altissimo,5+,Sim,Sim,Nao,Sim,5+,Sim,Batalhao_Dedicado,Sim,Sim,Nao,Nao,Sim
crime_177,Zona_Sul,Baixo,5+,Sim,Sim,Nao,Nao,5+,Sim,Patrulhamento_Batalhoes_Diversos,Sim,Sim,Sim,Sim,Sim
crime_178,Zona_Sul,Baixissimo,5+,Sim,Sim,Nao,Sim,5+,Sim,Patrulhamento_Batalhoes_Diversos,Sim,Sim,Sim,Sim,Sim
crime_179,Zona_Sul,Baixissimo,5+,Sim,Sim,Sim,Sim,4,Sim,Patrulhamento_Batalhoes_Diversos,Sim,Sim,Sim,Sim,Sim
crime_180,Zona_Sul,Baixo,5+,Sim,Sim,Nao,Sim,3,Sim,Patrulhamento_Batalhoes_Diversos,Sim,Sim,Sim,Sim,Sim
crime_181,Zona_Sul,Baixo,4,Sim,Sim,Nao,Sim,3,Sim,Patrulhamento_Batalhoes_Diversos,Sim,Sim,Sim,Sim,Sim
crime_182,Zona_Sul,Baixo,4,Sim,Sim,Nao,Sim,3,Sim,Batalhao_Dedicado,Sim,Sim,Nao,Sim,Sim
crime_183,Zona_Sul,Baixo,4,Sim,Sim,Nao,Sim,3,Nao,Patrulhamento_Batalhoes_Diversos,Sim,Sim,Sim,Sim,Sim
crime_184,Zona_Sul,Baixissimo,5+,Sim,Sim,Sim,Sim,5+,Sim,Patrulhamento_Batalhoes_Diversos,Sim,Sim,Sim,Sim,Sim
crime_185,Zona_Sul,Baixo,4,Sim,Sim,Nao,Sim,4,Sim,Patrulhamento_Batalhoes_Diversos,Sim,Sim,Sim,Sim,Sim
crime_186,Zona_Sul,Altissimo,3,Sim,Sim,Nao,Nao,3,Sim,Batalhao_Dedicado,Sim,Sim,Nao,Sim,Sim
crime_187,Zona_Sul,Altissimo,1,Nao,Nao,Nao,Sim,3,DP_12_Horas,Policia_Comunitaria_Escolar,Nao,Nao,Sim,Nao,Nao
crime_188,Zona_Sul,Altissimo,4,Sim,Sim,Nao,Nao,4,Nao,Policia_Comunitaria_Escolar,Sim,Nao,Nao,Sim,Sim
crime_189,Zona_Sul,Altissimo,3,Sim,Sim,Nao,Nao,3,Nao,Policia_Comunitaria_Escolar,Sim,Sim,Nao,Sim,Sim
crime_190,Zona_Sul,Altissimo,5+,Sim,Sim,Nao,Nao,4,Nao,Policia_Comunitaria_Escolar,Sim,Nao,Nao,Sim,Sim
crime_191,Zona_Sul,Altissimo,3,Sim,Sim,Nao,Sim,4,Nao,Policia_Comunitaria_Escolar,Nao,Sim,Sim,Sim,Sim
crime_192,Zona_Sul,Altissimo,1,Nao,Nao,Sim,Sim,1,Nao,Patrulhamento_Batalhoes_Diversos,Sim,Nao,Nao,Nao,Sim
crime_193,Zona_Sul,Altissimo,2,Sim,Sim,Nao,Sim,3,Sim,Patrulhamento_Batalhoes_Diversos,Sim,Sim,Sim,Sim,Sim
crime_194,Zona_Sul,Altissimo,1,Sim,Nao,Nao,Sim,1,Sim,Policiamento_via_Companhia,Sim,Nao,Nao,Sim,Sim
crime_195,Zona_Sul,Altissimo,5+,Sim,Sim,Nao,Nao,5+,Sim,Patrulhamento_Batalhoes_Diversos,Nao,Sim,Nao,Nao,Sim
crime_196,Zona_Sul,Altissimo,1,Sim,Nao,Nao,Sim,1,Nao,Policia_Comunitaria_Escolar,Nao,Nao,Nao,Nao,Sim
crime_197,Zona_Sul,Altissimo,1,Sim,Nao,Sim,Sim,1,Nao,Patrulhamento_Batalhoes_Diversos,Nao,Nao,Nao,Nao,Nao
crime_198,Zona_Sul,Altissimo,3,Sim,Sim,Nao,Nao,3,Nao,Batalhao_Dedicado,Sim,Nao,Nao,Nao,Sim
crime_199,Zona_Naorte,Altissimo,2,Sim,Sim,Nao,Nao,2,Sim,Batalhao_Dedicado,Nao,Nao,Sim,Nao,Nao
crime_200,Zona_Sul,Altissimo,3,Sim,Sim,Nao,Nao,3,Nao,Patrulhamento_Batalhoes_Diversos,Sim,Sim,Nao,Nao,Nao
crime_201,Zona_Sul,Altissimo,1,Sim,Sim,Nao,Nao,4,Nao,Policia_Comunitaria_Escolar,Sim,Sim,Nao,Nao,Sim
crime_202,Zona_Sul,Altissimo,2,Sim,Nao,Sim,Sim,2,Sim,Batalhao_Dedicado,Sim,Sim,Sim,Nao,Sim
crime_203,Zona_Sul,Altissimo,2,Sim,Sim,Nao,Sim,2,Sim,Batalhao_Dedicado,Sim,Sim,Nao,Sim,Sim
crime_204,Zona_Sul,Altissimo,5+,Sim,Sim,Nao,Nao,5+,Sim,Patrulhamento_Batalhoes_Diversos,Sim,Nao,Nao,Nao,Nao
crime_205,Zona_Sul,Altissimo,5+,Sim,Sim,Nao,Nao,5+,Sim,Batalhao_Dedicado,Sim,Nao,Nao,Nao,Sim
crime_206,Zona_Sul,Altissimo,3,Sim,Sim,Nao,Sim,3,Sim,Batalhao_Dedicado,Sim,Sim,Nao,Nao,Nao
crime_207,Zona_Sul,Medio,5+,Sim,Sim,Nao,Nao,3,Sim,Patrulhamento_Batalhoes_Diversos,Sim,Sim,Nao,Nao,Sim
crime_208,Zona_Sul,Baixo,5+,Sim,Sim,Nao,Nao,3,Sim,Policiamento_via_Companhia,Sim,Sim,Sim,Nao,Sim
crime_209,Zona_Sul,Medio,4,Sim,Sim,Nao,Nao,3,Sim,Patrulhamento_Batalhoes_Diversos,Sim,Sim,Sim,Nao,Sim
crime_210,Zona_Sul,Medio,5+,Sim,Sim,Nao,Nao,5+,Nao,Policiamento_via_Companhia,Sim,Nao,Nao,Sim,Sim
crime_211,Zona_Sul,Altissimo,4,Sim,Sim,Sim,Nao,2,Nao,Batalhao_Dedicado,Sim,Sim,Nao,Sim,Sim
crime_212,Zona_Sul,Medio,5+,Sim,Sim,Nao,Sim,5+,Sim,Policiamento_via_Companhia,Sim,Nao,Nao,Nao,Nao
crime_213,Zona_Sul,Medio,5+,Sim,Sim,Nao,Nao,5+,Sim,Policiamento_via_Companhia,Sim,Sim,Nao,Nao,Nao
crime_214,Zona_Sul,Neutro,3,Sim,Sim,Nao,Sim,2,Sim,Patrulhamento_Batalhoes_Diversos,Nao,Nao,Nao,Sim,Sim
crime_215,Zona_Sul,Baixo,4,Sim,Sim,Nao,Sim,4,Nao,Patrulhamento_Batalhoes_Diversos,Sim,Sim,Sim,Sim,Nao
crime_216,Zona_Sul,Medio,4,Sim,Sim,Nao,Sim,3,Nao,Policia_Comunitaria_Escolar,Sim,Sim,Sim,Sim,Sim
crime_217,Zona_Sul,Medio,5+,Sim,Sim,Nao,Nao,3,Sim,Patrulhamento_Batalhoes_Diversos,Sim,Sim,Nao,Nao,Sim
crime_218,Zona_Sul,Baixo,5+,Sim,Sim,Sim,Sim,4,Sim,Patrulhamento_Batalhoes_Diversos,Sim,Nao,Sim,Nao,Nao
crime_219,Zona_Sul,Baixo,5+,Sim,Sim,Nao,Nao,5+,Nao,Patrulhamento_Batalhoes_Diversos,Sim,Sim,Sim,Sim,Sim
crime_220,Zona_Sul,Altissimo,5+,Sim,Sim,Sim,Nao,5+,Nao,Patrulhamento_Batalhoes_Diversos,Sim,Sim,Sim,Sim,Nao
crime_221,Zona_Sul,Baixo,5+,Sim,Sim,Sim,Nao,5+,Sim,Patrulhamento_Batalhoes_Diversos,Sim,Sim,Nao,Nao,Sim
crime_222,Zona_Sul,Baixo,5+,Sim,Sim,Nao,Sim,5+,Sim,Patrulhamento_Batalhoes_Diversos,Sim,Sim,Nao,Nao,Sim
crime_223,Zona_Sul,Baixissimo,5+,Sim,Sim,Sim,Nao,5+,Sim,Policiamento_via_Companhia,Sim,Sim,Sim,Sim,Sim
crime_224,Zona_Sul,Altissimo,4,Sim,Sim,Sim,Nao,4,Sim,Batalhao_Dedicado,Sim,Sim,Nao,Sim,Sim
crime_225,Zona_Sul,Baixo,5+,Sim,Sim,Nao,Nao,4,Sim,Patrulhamento_Batalhoes_Diversos,Sim,Sim,Sim,Sim,Sim
crime_226,Zona_Sul,Baixo,5+,Sim,Sim,Nao,Sim,5+,Sim,Patrulhamento_Batalhoes_Diversos,Sim,Sim,Sim,Nao,Sim
crime_227,Zona_Sul,Baixo,5+,Sim,Sim,Sim,Nao,5+,Sim,Policiamento_via_Companhia,Sim,Sim,Sim,Nao,Sim
crime_228,Zona_Sul,Baixo,5+,Sim,Sim,Nao,Nao,5+,Sim,Patrulhamento_Batalhoes_Diversos,Sim,Sim,Sim,Nao,Sim
crime_229,Zona_Sul,Baixissimo,5+,Sim,Sim,Sim,Nao,5+,Sim,Batalhao_Dedicado,Sim,Sim,Sim,Sim,Sim
crime_230,Zona_Sul,Altissimo,5+,Sim,Sim,Sim,Nao,5+,Sim,Batalhao_Dedicado,Sim,Sim,Sim,Sim,Sim
crime_231,Zona_Sul,Altissimo,5+,Sim,Sim,Nao,Nao,5+,Sim,Batalhao_Dedicado,Sim,Sim,Sim,Nao,Sim
crime_232,Zona_Sul,Altissimo,3,Sim,Sim,Nao,Sim,3,Sim,Batalhao_Dedicado,Sim,Sim,Sim,Sim,Sim
crime_233,Zona_Sul,Altissimo,3,Sim,Sim,Sim,Nao,2,Sim,Batalhao_Dedicado,Sim,Nao,Nao,Nao,Sim
crime_234,Zona_Sul,Altissimo,3,Sim,Sim,Nao,Nao,2,Sim,Batalhao_Dedicado,Sim,Sim,Sim,Sim,Sim
crime_235,Zona_Sul,Altissimo,5+,Sim,Sim,Sim,Sim,5+,Nao,Batalhao_Dedicado,Sim,Sim,Sim,Nao,Sim
crime_236,Zona_Sul,Altissimo,2,Sim,Nao,Nao,Sim,2,Nao,Policiamento_via_Companhia,Sim,Sim,Nao,Nao,Sim
crime_237,Zona_Sul,Altissimo,3,Sim,Sim,Nao,Nao,5+,Sim,Policia_Comunitaria_Escolar,Sim,Nao,Sim,Nao,Sim
crime_238,Zona_Sul,Altissimo,2,Sim,Sim,Nao,Sim,4,Sim,Patrulhamento_Batalhoes_Diversos,Sim,Nao,Sim,Nao,Sim
crime_239,Zona_Sul,Altissimo,2,Sim,Nao,Nao,Sim,2,Sim,Policia_Comunitaria_Escolar,Sim,Nao,Nao,Nao,Nao
crime_240,Zona_Sul,Altissimo,4,Sim,Nao,Nao,Sim,3,Sim,Policia_Comunitaria_Escolar,Sim,Nao,Nao,Nao,Nao
crime_241,Zona_Sul,Altissimo,3,Sim,Sim,Nao,Sim,3,Nao,Patrulhamento_Batalhoes_Diversos,Sim,Nao,Nao,Nao,Sim
crime_242,Zona_Sul,Altissimo,2,Sim,Sim,Nao,Sim,4,Sim,Batalhao_Dedicado,Sim,Sim,Nao,Sim,Sim
crime_243,Zona_Sul,Altissimo,4,Sim,Sim,Nao,Sim,3,Sim,Patrulhamento_Batalhoes_Diversos,Sim,Nao,Nao,Nao,Sim
crime_244,Zona_Sul,Altissimo,3,Sim,Sim,Nao,Sim,3,Nao,Batalhao_Dedicado,Sim,Sim,Sim,Nao,Sim
crime_245,Zona_Sul,Altissimo,5+,Sim,Sim,Nao,Sim,3,Nao,Policia_Comunitaria_Escolar,Sim,Sim,Nao,Nao,Sim
crime_246,Zona_Sul,Neutro,1,Nao,Sim,Nao,Sim,1,Nao,Batalhao_Dedicado,Sim,Sim,Nao,Nao,Sim
crime_247,Zona_Sul,Medio,3,Sim,Sim,Sim,Sim,4,Sim,Policiamento_via_Companhia,Sim,Sim,Sim,Nao,Sim
crime_248,Zona_Sul,Altissimo,4,Sim,Sim,Nao,Nao,4,Sim,Policiamento_via_Companhia,Sim,Sim,Nao,Sim,Sim
crime_249,Zona_Sul,Altissimo,4,Sim,Sim,Nao,Nao,4,Nao,Batalhao_Dedicado,Sim,Sim,Sim,Sim,Sim
crime_250,Zona_Sul,Altissimo,2,Sim,Sim,Nao,Sim,2,Sim,Patrulhamento_Batalhoes_Diversos,Nao,Sim,Sim,Sim,Sim
crime_251,Zona_Sul,Altissimo,5+,Sim,Sim,Nao,Sim,5+,Sim,Batalhao_Dedicado,Nao,Sim,Nao,Sim,Sim
crime_252,Zona_Sul,Altissimo,3,Sim,Nao,Nao,Sim,3,Sim,Batalhao_Dedicado,Nao,Nao,Nao,Sim,Sim
crime_253,Zona_Sul,Altissimo,3,Sim,Sim,Nao,Sim,3,Nao,Patrulhamento_Batalhoes_Diversos,Nao,Sim,Nao,Nao,Sim
crime_254,Zona_Sul,Altissimo,2,Nao,Sim,Nao,Sim,2,Nao,Patrulhamento_Batalhoes_Diversos,Nao,Sim,Nao,Nao,Sim
crime_255,Zona_Sul,Altissimo,0,Sim,Sim,Nao,Sim,0,Sim,Patrulhamento_Batalhoes_Diversos,Nao,Sim,Nao,Nao,Sim
crime_256,Zona_Sul,Altissimo,3,Sim,Nao,Nao,Sim,3,Sim,Patrulhamento_Batalhoes_Diversos,Sim,Nao,Sim,Nao,Sim
crime_257,Zona_Sul,Altissimo,3,Sim,Nao,Nao,Sim,3,Sim,Patrulhamento_Batalhoes_Diversos,Sim,Sim,Nao,Sim,Sim
crime_258,Zona_Sul,Altissimo,3,Sim,Sim,Sim,Nao,3,Nao,Batalhao_Dedicado,Sim,Sim,Sim,Sim,Sim
crime_259,Zona_Sul,Altissimo,5+,Sim,Sim,Nao,Nao,5+,DP_12_Horas,Policia_Comunitaria_Escolar,Nao,Nao,Sim,Nao,Nao
crime_260,Zona_Sul,Baixissimo,5+,Nao,Nao,Nao,Sim,Sim,DP_12_Horas,Nao,Nao,Nao,Sim,Nao,Nao
crime_261,Zona_Sul,Baixo,5+,Nao,Nao,Nao,Sim,Sim,DP_12_Horas,Sim,Nao,Nao,Nao,Nao,Nao
crime_262,Zona_Sul,Altissimo,4,Sim,Sim,Nao,Sim,5+,Sim,Patrulhamento_Batalhoes_Diversos,Sim,Sim,Sim,Sim,Sim
crime_263,Zona_Sul,Baixissimo,4,Sim,Sim,Sim,Sim,5+,Sim,Patrulhamento_Batalhoes_Diversos,Sim,Sim,Sim,Sim,Sim
crime_264,Zona_Sul,Medio,4,Sim,Sim,Nao,Nao,4,Nao,Patrulhamento_Batalhoes_Diversos,Sim,Nao,Nao,Sim,Sim
crime_265,Zona_Sul,Altissimo,3,Sim,Sim,Nao,Nao,3,Sim,Patrulhamento_Batalhoes_Diversos,Sim,Sim,Sim,Sim,Sim
crime_266,Zona_Sul,Altissimo,2,Sim,Sim,Nao,Nao,3,Sim,Patrulhamento_Batalhoes_Diversos,Sim,Sim,Nao,Sim,Sim
crime_267,Zona_Sul,Altissimo,3,Sim,Sim,Nao,Nao,2,Sim,Patrulhamento_Batalhoes_Diversos,Sim,Sim,Sim,Sim,Sim
crime_268,Zona_Sul,Altissimo,2,Sim,Sim,Nao,Nao,2,Sim,Policia_Comunitaria_Escolar,Sim,Sim,Nao,Sim,Sim
crime_269,Zona_Sul,Altissimo,1,Nao,Nao,Nao,Sim,3,DP_12_Horas,Policia_Comunitaria_Escolar,Nao,Nao,Sim,Nao,Nao
crime_270,Zona_Sul,Altissimo,2,Sim,Sim,Nao,Nao,2,Sim,Policia_Comunitaria_Escolar,Sim,Sim,Sim,Nao,Nao
crime_271,Zona_Sul,Altissimo,1,Sim,Nao,Nao,Sim,1,Sim,Batalhao_Dedicado,Sim,Sim,Sim,Nao,Sim
crime_272,Zona_Sul,Altissimo,1,Nao,Sim,Nao,Sim,1,Nao,Batalhao_Dedicado,Sim,Sim,Nao,Sim,Sim
crime_273,Zona_Sul,Baixo,4,Sim,Sim,Nao,Sim,3,Sim,Patrulhamento_Batalhoes_Diversos,Sim,Sim,Nao,Sim,Sim
crime_274,Zona_Sul,Altissimo,2,Sim,Nao,Nao,Sim,2,Sim,Batalhao_Dedicado,Sim,Sim,Sim,Sim,Sim
crime_275,Zona_Sul,Altissimo,2,Sim,Sim,Nao,Nao,2,Nao,Patrulhamento_Batalhoes_Diversos,Sim,Sim,Nao,Sim,Sim
crime_276,Zona_Sul,Altissimo,4,Sim,Sim,Sim,Sim,4,Sim,Patrulhamento_Batalhoes_Diversos,Sim,Sim,Sim,Nao,Sim
crime_277,Zona_Sul,Altissimo,1,Sim,Nao,Nao,Sim,1,Nao,Policia_Comunitaria_Escolar,Sim,Sim,Sim,Sim,Sim
crime_278,Zona_Sul,Altissimo,1,Nao,Nao,Nao,Sim,3,DP_12_Horas,Policia_Comunitaria_Escolar,Nao,Nao,Sim,Nao,Nao
crime_279,Zona_Sul,Altissimo,5+,Sim,Sim,Nao,Sim,5+,Sim,Patrulhamento_Batalhoes_Diversos,Sim,Sim,Nao,Sim,Sim
crime_280,Zona_Sul,Medio,3,Sim,Sim,Nao,Nao,3,Sim,Batalhao_Dedicado,Sim,Sim,Sim,Sim,Sim
crime_281,Zona_Sul,Medio,3,Sim,Sim,Nao,Nao,5+,Sim,Patrulhamento_Batalhoes_Diversos,Sim,Nao,Nao,Sim,Sim
crime_282,Zona_Sul,Medio,3,Sim,Sim,Nao,Nao,5+,Sim,Patrulhamento_Batalhoes_Diversos,Sim,Nao,Nao,Sim,Sim
crime_283,Zona_Sul,Baixo,4,Sim,Sim,Nao,Sim,2,Sim,Batalhao_Dedicado,Sim,Sim,Sim,Sim,Sim
crime_284,Zona_Sul,Baixissimo,5+,Sim,Sim,Sim,Nao,5+,Sim,Batalhao_Dedicado,Sim,Sim,Sim,Sim,Sim
crime_285,Zona_Sul,Baixissimo,5+,Sim,Sim,Sim,Sim,5+,Sim,Batalhao_Dedicado,Sim,Sim,Nao,Sim,Sim
crime_286,Zona_Sul,Altissimo,1,Nao,Sim,Sim,Nao,1,Nao,Batalhao_Dedicado,Sim,Sim,Nao,Nao,Sim
crime_287,Zona_Sul,Altissimo,3,Sim,Sim,Sim,Nao,3,Sim,Batalhao_Dedicado,Sim,Sim,Sim,Sim,Sim
crime_288,Zona_Sul,Altissimo,4,Sim,Sim,Nao,Sim,4,Sim,Patrulhamento_Batalhoes_Diversos,Sim,Sim,Nao,Nao,Sim
crime_289,Zona_Sul,Altissimo,2,Sim,Sim,Nao,Sim,2,Nao,Patrulhamento_Batalhoes_Diversos,Sim,Sim,Nao,Nao,Sim
crime_290,Zona_Sul,Altissimo,3,Sim,Sim,Nao,Sim,3,Nao,Patrulhamento_Batalhoes_Diversos,Sim,Sim,Nao,Nao,Sim
crime_291,Zona_Sul,Altissimo,1,Nao,Nao,Nao,Sim,3,DP_12_Horas,Policia_Comunitaria_Escolar,Nao,Nao,Sim,Nao,Nao
crime_292,Zona_Sul,Altissimo,5+,Sim,Sim,Sim,Sim,5+,Sim,Policiamento_via_Companhia,Nao,Nao,Nao,Sim,Sim
crime_293,Zona_Oeste,Altissimo,1,Sim,Nao,Nao,Sim,1,Nao,Patrulhamento_Batalhoes_Diversos,Sim,Sim,Nao,Sim,Sim
crime_294,Zona_Sul,Altissimo,2,Nao,Nao,Nao,Sim,Nao,DP_12_Horas,Nao,Nao,Nao,Nao,Sim,Nao
crime_295,Zona_Sul,Medio,2,Sim,Sim,Sim,Nao,3,Sim,Patrulhamento_Batalhoes_Diversos,Sim,Sim,Sim,Nao,Nao
crime_296,Zona_Sul,Altissimo,1,Nao,Nao,Nao,Sim,3,DP_12_Horas,Policia_Comunitaria_Escolar,Nao,Nao,Sim,Nao,Nao
crime_297,Zona_Sul,Altissimo,5+,Sim,Sim,Nao,Sim,5+,Sim,Policiamento_via_Companhia,Sim,Sim,Nao,Sim,Sim
crime_298,Zona_Sul,Altissimo,1,Nao,Nao,Nao,Sim,3,DP_12_Horas,Policia_Comunitaria_Escolar,Nao,Nao,Sim,Nao,Nao
crime_299,Zona_Sul,Altissimo,2,Sim,Nao,Nao,Sim,2,Nao,Policia_Comunitaria_Escolar,Sim,Nao,Nao,Sim,Sim
crime_300,Zona_Sul,Altissimo,3,Sim,Sim,Nao,Sim,3,Sim,Patrulhamento_Batalhoes_Diversos,Sim,Nao,Sim,Sim,Sim
crime_301,Centro,Altissimo,3,Sim,Sim,Nao,Nao,4,Sim,Policia_Comunitaria_Escolar,Sim,Sim,Nao,Sim,Sim
crime_302,Zona_Sul,Altissimo,5+,Sim,Sim,Sim,Sim,5+,Sim,Batalhao_Dedicado,Sim,Sim,Sim,Sim,Sim
crime_303,Zona_Sul,Altissimo,4,Sim,Sim,Nao,Nao,3,Sim,Patrulhamento_Batalhoes_Diversos,Sim,Sim,Nao,Sim,Sim
crime_304,Zona_Sul,Altissimo,4,Sim,Sim,Sim,Nao,3,Sim,Batalhao_Dedicado,Sim,Sim,Sim,Sim,Sim
crime_305,Zona_Sul,Altissimo,3,Sim,Sim,Sim,Nao,3,Sim,Batalhao_Dedicado,Sim,Nao,Sim,Sim,Sim
crime_306,Zona_Sul,Altissimo,5+,Sim,Sim,Sim,Sim,5+,Sim,Patrulhamento_Batalhoes_Diversos,Sim,Sim,Sim,Sim,Sim
crime_307,Zona_Sul,Altissimo,5+,Sim,Sim,Nao,Nao,5+,Sim,Patrulhamento_Batalhoes_Diversos,Sim,Sim,Sim,Sim,Sim
crime_308,Zona_Sul,Baixissimo,5+,Sim,Sim,Sim,Sim,5+,Sim,Batalhao_Dedicado,Sim,Sim,Sim,Sim,Sim
crime_309,Zona_Sul,Baixo,4,Sim,Sim,Nao,Nao,4,Sim,Batalhao_Dedicado,Sim,Sim,Nao,Sim,Sim
crime_310,Zona_Sul,Altissimo,4,Sim,Sim,Sim,Nao,3,Sim,Policiamento_via_Companhia,Sim,Sim,Sim,Sim,Sim
crime_311,Zona_Sul,Baixissimo,4,Sim,Sim,Sim,Nao,4,Sim,Policiamento_via_Companhia,Nao,Sim,Sim,Sim,Sim
crime_312,Zona_Sul,Baixissimo,5+,Sim,Sim,Sim,Sim,5+,Sim,Patrulhamento_Batalhoes_Diversos,Sim,Sim,Nao,Nao,Sim
crime_313,Zona_Sul,Baixo,5+,Sim,Sim,Nao,Nao,5+,Sim,Patrulhamento_Batalhoes_Diversos,Sim,Sim,Sim,Sim,Sim
crime_314,Zona_Sul,Baixo,3,Sim,Sim,Nao,Sim,3,Sim,Batalhao_Dedicado,Sim,Sim,Sim,Sim,Sim
crime_315,Zona_Sul,Baixo,5+,Sim,Sim,Nao,Sim,5+,Sim,Policia_Comunitaria_Escolar,Sim,Sim,Nao,Sim,Sim
crime_316,Zona_Sul,Baixissimo,3,Nao,Sim,Sim,Sim,5+,Sim,Batalhao_Dedicado,Sim,Sim,Sim,Sim,Sim
crime_317,Zona_Sul,Baixissimo,4,Sim,Sim,Sim,Sim,3,Sim,Batalhao_Dedicado,Sim,Nao,Sim,Sim,Sim
crime_318,Zona_Sul,Baixissimo,5+,Sim,Sim,Sim,Sim,5+,Sim,Batalhao_Dedicado,Sim,Sim,Nao,Sim,Sim
crime_319,Zona_Sul,Baixo,3,Sim,Sim,Sim,Nao,3,Sim,Batalhao_Dedicado,Sim,Sim,Sim,Sim,Sim
crime_320,Zona_Sul,Baixissimo,4,Sim,Sim,Sim,Nao,5+,Sim,Batalhao_Dedicado,Sim,Nao,Sim,Sim,Sim
crime_321,Zona_Sul,Baixissimo,5+,Nao,Sim,Sim,Sim,5+,Sim,Batalhao_Dedicado,Sim,Sim,Sim,Sim,Sim
crime_322,Zona_Sul,Baixissimo,5+,Sim,Sim,Sim,Nao,5+,Nao,Policiamento_via_Companhia,Sim,Sim,Sim,Sim,Sim
crime_323,Zona_Sul,Baixissimo,5+,Sim,Sim,Sim,Sim,5+,Sim,Batalhao_Dedicado,Sim,Sim,Sim,Sim,Sim
crime_324,Zona_Sul,Baixo,5+,Sim,Sim,Nao,Nao,5+,Sim,Batalhao_Dedicado,Sim,Nao,Sim,Sim,Sim
crime_325,Zona_Sul,Medio,3,Sim,Sim,Nao,Nao,3,Sim,Batalhao_Dedicado,Sim,Nao,Sim,Sim,Sim
crime_326,Zona_Sul,Medio,4,Sim,Sim,Nao,Nao,4,Nao,Batalhao_Dedicado,Sim,Nao,Nao,Sim,Sim
crime_327,Zona_Sul,Baixo,5+,Sim,Sim,Nao,Nao,5+,Sim,Patrulhamento_Batalhoes_Diversos,Sim,Nao,Sim,Sim,Sim
crime_328,Zona_Sul,Neutro,2,Sim,Sim,Nao,Sim,2,Nao,Patrulhamento_Batalhoes_Diversos,Sim,Sim,Nao,Nao,Sim
crime_329,Zona_Oeste,Neutro,2,Sim,Sim,Nao,Nao,2,Nao,Patrulhamento_Batalhoes_Diversos,Sim,Sim,Nao,Nao,Sim
crime_330,Centro,Neutro,2,Sim,Sim,Nao,Sim,2,Nao,Patrulhamento_Batalhoes_Diversos,Sim,Sim,Nao,Nao,Sim
crime_331,Zona_Leste,Altissimo,1,Sim,Nao,Nao,Sim,1,Nao,Patrulhamento_Batalhoes_Diversos,Sim,Sim,Nao,Nao,Sim
crime_332,Centro,Neutro,2,Sim,Sim,Sim,Sim,2,Nao,Patrulhamento_Batalhoes_Diversos,Sim,Sim,Nao,Nao,Sim
crime_333,Zona_Oeste,Neutro,2,Sim,Sim,Nao,Sim,2,Sim,Patrulhamento_Batalhoes_Diversos,Sim,Sim,Nao,Nao,Sim
crime_334,Zona_Sul,Neutro,2,Sim,Sim,Nao,Sim,2,Nao,Patrulhamento_Batalhoes_Diversos,Sim,Sim,Nao,Nao,Sim
crime_335,Zona_Leste,Neutro,1,Sim,Sim,Nao,Sim,1,Nao,Batalhao_Dedicado,Sim,Sim,Nao,Nao,Sim
crime_336,Zona_Sul,Neutro,3,Sim,Sim,Nao,Sim,3,Nao,Patrulhamento_Batalhoes_Diversos,Sim,Sim,Nao,Nao,Sim
crime_337,Zona_Sul,Neutro,2,Sim,Sim,Nao,Sim,2,Nao,Patrulhamento_Batalhoes_Diversos,Sim,Sim,Nao,Nao,Sim
crime_338,Zona_Sul,Neutro,2,Sim,Sim,Nao,Sim,2,Nao,Patrulhamento_Batalhoes_Diversos,Sim,Sim,Nao,Nao,Sim
crime_339,Zona_Naorte,Altissimo,1,Sim,Nao,Nao,Sim,1,Nao,Patrulhamento_Batalhoes_Diversos,Sim,Sim,Nao,Nao,Sim
crime_340,Zona_Oeste,Altissimo,2,Sim,Nao,Nao,Sim,2,Nao,Patrulhamento_Batalhoes_Diversos,Sim,Sim,Nao,Nao,Sim
crime_341,Zona_Naorte,Altissimo,1,Sim,Sim,Nao,Nao,1,Nao,Patrulhamento_Batalhoes_Diversos,Nao,Nao,Nao,Nao,Sim
crime_342,Zona_Naorte,Medio,2,Sim,Sim,Nao,Sim,2,Sim,Batalhao_Dedicado,Sim,Sim,Nao,Nao,Sim
crime_343,Zona_Sul,Neutro,3,Sim,Sim,Nao,Sim,3,Nao,Patrulhamento_Batalhoes_Diversos,Sim,Sim,Nao,Nao,Sim
crime_344,Zona_Naorte,Neutro,2,Sim,Sim,Nao,Sim,2,Sim,Patrulhamento_Batalhoes_Diversos,Sim,Sim,Nao,Nao,Sim
crime_345,Zona_Naorte,Neutro,2,Sim,Sim,Nao,Sim,2,Sim,Patrulhamento_Batalhoes_Diversos,Sim,Sim,Nao,Nao,Sim
crime_346,Zona_Sul,Altissimo,1,Sim,Nao,Nao,Sim,2,Sim,Batalhao_Dedicado,Sim,Sim,Nao,Nao,Sim
crime_347,Zona_Sul,Neutro,2,Sim,Sim,Nao,Sim,2,Nao,Patrulhamento_Batalhoes_Diversos,Sim,Sim,Nao,Nao,Sim
crime_348,Zona_Sul,Neutro,2,Sim,Sim,Nao,Sim,2,Nao,Patrulhamento_Batalhoes_Diversos,Sim,Sim,Nao,Nao,Sim
crime_349,Zona_Sul,Neutro,1,Sim,Sim,Nao,Sim,1,Sim,Patrulhamento_Batalhoes_Diversos,Sim,Sim,Nao,Nao,Sim
crime_350,Zona_Sul,Medio,3,Sim,Sim,Sim,Sim,4,Sim,Policiamento_via_Companhia,Sim,Sim,Sim,Nao,Sim
crime_351,Zona_Sul,Altissimo,4,Sim,Sim,Nao,Nao,4,Sim,Policiamento_via_Companhia,Sim,Sim,Nao,Sim,Sim
crime_352,Zona_Sul,Altissimo,4,Sim,Sim,Nao,Nao,4,Nao,Batalhao_Dedicado,Sim,Sim,Sim,Sim,Sim
crime_353,Zona_Sul,Altissimo,2,Sim,Sim,Nao,Sim,2,Sim,Patrulhamento_Batalhoes_Diversos,Nao,Sim,Sim,Sim,Sim
crime_354,Zona_Sul,Altissimo,5+,Sim,Sim,Nao,Sim,5+,Sim,Batalhao_Dedicado,Nao,Sim,Nao,Sim,Sim
crime_355,Zona_Sul,Altissimo,3,Sim,Nao,Nao,Sim,3,Sim,Batalhao_Dedicado,Nao,Nao,Nao,Sim,Sim
crime_356,Zona_Sul,Altissimo,3,Sim,Sim,Nao,Sim,3,Nao,Patrulhamento_Batalhoes_Diversos,Nao,Sim,Nao,Nao,Sim
crime_357,Zona_Sul,Altissimo,2,Nao,Sim,Nao,Sim,2,Nao,Patrulhamento_Batalhoes_Diversos,Nao,Sim,Nao,Nao,Sim
crime_358,Zona_Sul,Altissimo,0,Sim,Sim,Nao,Sim,0,Sim,Patrulhamento_Batalhoes_Diversos,Nao,Sim,Nao,Nao,Sim
crime_359,Zona_Sul,Altissimo,3,Sim,Nao,Nao,Sim,3,Sim,Patrulhamento_Batalhoes_Diversos,Sim,Nao,Sim,Nao,Sim
crime_360,Zona_Sul,Altissimo,3,Sim,Nao,Nao,Sim,3,Sim,Patrulhamento_Batalhoes_Diversos,Sim,Sim,Nao,Sim,Sim
crime_361,Zona_Sul,Altissimo,3,Sim,Sim,Sim,Nao,3,Nao,Batalhao_Dedicado,Sim,Sim,Sim,Sim,Sim
crime_362,Zona_Sul,Altissimo,5+,Sim,Sim,Nao,Nao,5+,DP_12_Horas,Policia_Comunitaria_Escolar,Nao,Nao,Sim,Nao,Nao
crime_363,Zona_Sul,Baixissimo,5+,Nao,Nao,Nao,Sim,Sim,DP_12_Horas,Nao,Nao,Nao,Sim,Nao,Nao
crime_364,Zona_Sul,Baixo,5+,Nao,Nao,Nao,Sim,Sim,DP_12_Horas,Sim,Nao,Nao,Nao,Nao,Nao
crime_365,Zona_Sul,Altissimo,4,Sim,Sim,Nao,Sim,5+,Sim,Patrulhamento_Batalhoes_Diversos,Sim,Sim,Sim,Sim,Sim
crime_366,Zona_Sul,Baixissimo,4,Sim,Sim,Sim,Sim,5+,Sim,Patrulhamento_Batalhoes_Diversos,Sim,Sim,Sim,Sim,Sim
crime_367,Zona_Sul,Medio,4,Sim,Sim,Nao,Nao,4,Nao,Patrulhamento_Batalhoes_Diversos,Sim,Nao,Nao,Sim,Sim
crime_368,Zona_Sul,Altissimo,3,Sim,Sim,Nao,Nao,3,Sim,Patrulhamento_Batalhoes_Diversos,Sim,Sim,Sim,Sim,Sim
crime_369,Zona_Sul,Altissimo,2,Sim,Sim,Nao,Nao,3,Sim,Patrulhamento_Batalhoes_Diversos,Sim,Sim,Nao,Sim,Sim
crime_370,Zona_Sul,Altissimo,3,Sim,Sim,Nao,Nao,2,Sim,Patrulhamento_Batalhoes_Diversos,Sim,Sim,Sim,Sim,Sim
crime_371,Zona_Sul,Altissimo,2,Sim,Sim,Nao,Nao,2,Sim,Policia_Comunitaria_Escolar,Sim,Sim,Nao,Sim,Sim
crime_372,Zona_Sul,Altissimo,1,Nao,Nao,Nao,Sim,3,DP_12_Horas,Policia_Comunitaria_Escolar,Nao,Nao,Sim,Nao,Nao
crime_373,Zona_Sul,Altissimo,2,Sim,Sim,Nao,Nao,2,Sim,Policia_Comunitaria_Escolar,Sim,Sim,Sim,Nao,Nao
crime_374,Zona_Sul,Altissimo,1,Sim,Nao,Nao,Sim,1,Sim,Batalhao_Dedicado,Sim,Sim,Sim,Nao,Sim
crime_375,Zona_Sul,Altissimo,1,Nao,Sim,Nao,Sim,1,Nao,Batalhao_Dedicado,Sim,Sim,Nao,Sim,Sim
crime_376,Zona_Sul,Baixo,4,Sim,Sim,Nao,Sim,3,Sim,Patrulhamento_Batalhoes_Diversos,Sim,Sim,Nao,Sim,Sim
crime_377,Zona_Sul,Altissimo,2,Sim,Nao,Nao,Sim,2,Sim,Batalhao_Dedicado,Sim,Sim,Sim,Sim,Sim
crime_378,Zona_Sul,Altissimo,2,Sim,Sim,Nao,Nao,2,Nao,Patrulhamento_Batalhoes_Diversos,Sim,Sim,Nao,Sim,Sim
crime_379,Zona_Sul,Altissimo,4,Sim,Sim,Sim,Sim,4,Sim,Patrulhamento_Batalhoes_Diversos,Sim,Sim,Sim,Nao,Sim
crime_380,Zona_Sul,Altissimo,1,Sim,Nao,Nao,Sim,1,Nao,Policia_Comunitaria_Escolar,Sim,Sim,Sim,Sim,Sim
crime_381,Zona_Sul,Altissimo,1,Nao,Nao,Nao,Sim,3,DP_12_Horas,Policia_Comunitaria_Escolar,Nao,Nao,Sim,Nao,Nao
crime_382,Zona_Sul,Altissimo,5+,Sim,Sim,Nao,Sim,5+,Sim,Patrulhamento_Batalhoes_Diversos,Sim,Sim,Nao,Sim,Sim
crime_383,Zona_Sul,Medio,3,Sim,Sim,Nao,Nao,3,Sim,Batalhao_Dedicado,Sim,Sim,Sim,Sim,Sim
crime_384,Zona_Sul,Medio,3,Sim,Sim,Nao,Nao,5+,Sim,Patrulhamento_Batalhoes_Diversos,Sim,Nao,Nao,Sim,Sim
crime_385,Zona_Sul,Medio,3,Sim,Sim,Nao,Nao,5+,Sim,Patrulhamento_Batalhoes_Diversos,Sim,Nao,Nao,Sim,Sim
crime_386,Zona_Sul,Baixo,4,Sim,Sim,Nao,Sim,2,Sim,Batalhao_Dedicado,Sim,Sim,Sim,Sim,Sim
crime_387,Zona_Sul,Baixissimo,5+,Sim,Sim,Sim,Nao,5+,Sim,Batalhao_Dedicado,Sim,Sim,Sim,Sim,Sim
crime_388,Zona_Sul,Baixissimo,5+,Sim,Sim,Sim,Sim,5+,Sim,Batalhao_Dedicado,Sim,Sim,Nao,Sim,Sim
crime_389,Zona_Sul,Altissimo,1,Nao,Sim,Sim,Nao,1,Nao,Batalhao_Dedicado,Sim,Sim,Nao,Nao,Sim
crime_390,Zona_Sul,Altissimo,3,Sim,Sim,Sim,Nao,3,Sim,Batalhao_Dedicado,Sim,Sim,Sim,Sim,Sim
crime_391,Zona_Sul,Altissimo,4,Sim,Sim,Nao,Sim,4,Sim,Patrulhamento_Batalhoes_Diversos,Sim,Sim,Nao,Nao,Sim
crime_392,Zona_Sul,Altissimo,2,Sim,Sim,Nao,Sim,2,Nao,Patrulhamento_Batalhoes_Diversos,Sim,Sim,Nao,Nao,Sim
crime_393,Zona_Sul,Altissimo,3,Sim,Sim,Nao,Sim,3,Nao,Patrulhamento_Batalhoes_Diversos,Sim,Sim,Nao,Nao,Sim
crime_394,Zona_Sul,Altissimo,1,Nao,Nao,Nao,Sim,3,DP_12_Horas,Policia_Comunitaria_Escolar,Nao,Nao,Sim,Nao,Nao
crime_395,Zona_Sul,Altissimo,5+,Sim,Sim,Sim,Sim,5+,Sim,Policiamento_via_Companhia,Nao,Nao,Nao,Sim,Sim
crime_396,Zona_Oeste,Altissimo,1,Sim,Nao,Nao,Sim,1,Nao,Patrulhamento_Batalhoes_Diversos,Sim,Sim,Nao,Sim,Sim
crime_397,Zona_Sul,Altissimo,2,Nao,Nao,Nao,Sim,Nao,DP_12_Horas,Nao,Nao,Nao,Nao,Sim,Nao
crime_398,Zona_Sul,Medio,2,Sim,Sim,Sim,Nao,3,Sim,Patrulhamento_Batalhoes_Diversos,Sim,Sim,Sim,Nao,Nao
crime_399,Zona_Sul,Altissimo,1,Nao,Nao,Nao,Sim,3,DP_12_Horas,Policia_Comunitaria_Escolar,Nao,Nao,Sim,Nao,Nao
crime_400,Zona_Sul,Altissimo,5+,Sim,Sim,Nao,Sim,5+,Sim,Policiamento_via_Companhia,Sim,Sim,Nao,Sim,Sim
crime_401,Zona_Sul,Altissimo,1,Nao,Nao,Nao,Sim,3,DP_12_Horas,Policia_Comunitaria_Escolar,Nao,Nao,Sim,Nao,Nao
crime_402,Zona_Sul,Altissimo,2,Sim,Nao,Nao,Sim,2,Nao,Policia_Comunitaria_Escolar,Sim,Nao,Nao,Sim,Sim
crime_403,Zona_Sul,Altissimo,3,Sim,Sim,Nao,Sim,3,Sim,Patrulhamento_Batalhoes_Diversos,Sim,Nao,Sim,Sim,Sim
crime_404,Centro,Altissimo,3,Sim,Sim,Nao,Nao,4,Sim,Policia_Comunitaria_Escolar,Sim,Sim,Nao,Sim,Sim
crime_405,Zona_Sul,Altissimo,5+,Sim,Sim,Sim,Sim,5+,Sim,Batalhao_Dedicado,Sim,Sim,Sim,Sim,Sim
crime_406,Zona_Sul,Altissimo,4,Sim,Sim,Nao,Nao,3,Sim,Patrulhamento_Batalhoes_Diversos,Sim,Sim,Nao,Sim,Sim
crime_407,Zona_Sul,Altissimo,4,Sim,Sim,Sim,Nao,3,Sim,Batalhao_Dedicado,Sim,Sim,Sim,Sim,Sim
crime_408,Zona_Sul,Altissimo,3,Sim,Sim,Sim,Nao,3,Sim,Batalhao_Dedicado,Sim,Nao,Sim,Sim,Sim
crime_409,Zona_Sul,Altissimo,5+,Sim,Sim,Sim,Sim,5+,Sim,Patrulhamento_Batalhoes_Diversos,Sim,Sim,Sim,Sim,Sim
crime_410,Zona_Sul,Altissimo,5+,Sim,Sim,Nao,Nao,5+,Sim,Patrulhamento_Batalhoes_Diversos,Sim,Sim,Sim,Sim,Sim
crime_411,Zona_Sul,Baixissimo,5+,Sim,Sim,Sim,Sim,5+,Sim,Batalhao_Dedicado,Sim,Sim,Sim,Sim,Sim
crime_412,Zona_Sul,Baixo,4,Sim,Sim,Nao,Nao,4,Sim,Batalhao_Dedicado,Sim,Sim,Nao,Sim,Sim
crime_413,Zona_Sul,Altissimo,4,Sim,Sim,Sim,Nao,3,Sim,Policiamento_via_Companhia,Sim,Sim,Sim,Sim,Sim
crime_414,Zona_Sul,Baixissimo,4,Sim,Sim,Sim,Nao,4,Sim,Policiamento_via_Companhia,Nao,Sim,Sim,Sim,Sim
crime_415,Zona_Sul,Baixissimo,5+,Sim,Sim,Sim,Sim,5+,Sim,Patrulhamento_Batalhoes_Diversos,Sim,Sim,Nao,Nao,Sim
crime_416,Zona_Sul,Baixo,5+,Sim,Sim,Nao,Nao,5+,Sim,Patrulhamento_Batalhoes_Diversos,Sim,Sim,Sim,Sim,Sim
crime_417,Zona_Sul,Baixo,3,Sim,Sim,Nao,Sim,3,Sim,Batalhao_Dedicado,Sim,Sim,Sim,Sim,Sim
crime_418,Zona_Sul,Baixo,5+,Sim,Sim,Nao,Sim,5+,Sim,Policia_Comunitaria_Escolar,Sim,Sim,Nao,Sim,Sim
crime_419,Zona_Sul,Baixissimo,3,Nao,Sim,Sim,Sim,5+,Sim,Batalhao_Dedicado,Sim,Sim,Sim,Sim,Sim
crime_420,Zona_Sul,Baixissimo,4,Sim,Sim,Sim,Sim,3,Sim,Batalhao_Dedicado,Sim,Nao,Sim,Sim,Sim
crime_421,Zona_Sul,Baixissimo,5+,Sim,Sim,Sim,Sim,5+,Sim,Batalhao_Dedicado,Sim,Sim,Nao,Sim,Sim
crime_422,Zona_Sul,Baixo,3,Sim,Sim,Sim,Nao,3,Sim,Batalhao_Dedicado,Sim,Sim,Sim,Sim,Sim
crime_423,Zona_Sul,Baixissimo,4,Sim,Sim,Sim,Nao,5+,Sim,Batalhao_Dedicado,Sim,Nao,Sim,Sim,Sim
crime_424,Zona_Sul,Baixissimo,5+,Nao,Sim,Sim,Sim,5+,Sim,Batalhao_Dedicado,Sim,Sim,Sim,Sim,Sim
crime_425,Zona_Sul,Baixissimo,5+,Sim,Sim,Sim,Nao,5+,Nao,Policiamento_via_Companhia,Sim,Sim,Sim,Sim,Sim
crime_426,Zona_Sul,Baixissimo,5+,Sim,Sim,Sim,Sim,5+,Sim,Batalhao_Dedicado,Sim,Sim,Sim,Sim,Sim
crime_427,Zona_Sul,Baixo,5+,Sim,Sim,Nao,Nao,5+,Sim,Batalhao_Dedicado,Sim,Nao,Sim,Sim,Sim
crime_428,Zona_Sul,Medio,3,Sim,Sim,Nao,Nao,3,Sim,Batalhao_Dedicado,Sim,Nao,Sim,Sim,Sim
crime_429,Zona_Sul,Medio,4,Sim,Sim,Nao,Nao,4,Nao,Batalhao_Dedicado,Sim,Nao,Nao,Sim,Sim
crime_430,Zona_Sul,Baixo,5+,Sim,Sim,Nao,Nao,5+,Sim,Patrulhamento_Batalhoes_Diversos,Sim,Nao,Sim,Sim,Sim
crime_431,Zona_Sul,Neutro,2,Sim,Sim,Nao,Sim,2,Nao,Patrulhamento_Batalhoes_Diversos,Sim,Sim,Nao,Nao,Sim
crime_432,Zona_Oeste,Neutro,2,Sim,Sim,Nao,Nao,2,Nao,Patrulhamento_Batalhoes_Diversos,Sim,Sim,Nao,Nao,Sim
crime_433,Centro,Neutro,2,Sim,Sim,Nao,Sim,2,Nao,Patrulhamento_Batalhoes_Diversos,Sim,Sim,Nao,Nao,Sim
crime_434,Zona_Sul,Altissimo,4,Sim,Sim,Nao,Nao,3,Sim,Patrulhamento_Batalhoes_Diversos,Sim,Sim,Nao,Sim,Sim
crime_435,Zona_Sul,Altissimo,4,Sim,Sim,Sim,Nao,3,Sim,Batalhao_Dedicado,Sim,Sim,Sim,Sim,Sim
crime_436,Zona_Sul,Altissimo,3,Sim,Sim,Sim,Nao,3,Sim,Batalhao_Dedicado,Sim,Nao,Sim,Sim,Sim
crime_437,Zona_Sul,Altissimo,5+,Sim,Sim,Sim,Sim,5+,Sim,Patrulhamento_Batalhoes_Diversos,Sim,Sim,Sim,Sim,Sim
crime_438,Zona_Sul,Altissimo,5+,Sim,Sim,Nao,Nao,5+,Sim,Patrulhamento_Batalhoes_Diversos,Sim,Sim,Sim,Sim,Sim
crime_439,Zona_Sul,Baixissimo,5+,Sim,Sim,Sim,Sim,5+,Sim,Batalhao_Dedicado,Sim,Sim,Sim,Sim,Sim
crime_440,Zona_Sul,Baixo,4,Sim,Sim,Nao,Nao,4,Sim,Batalhao_Dedicado,Sim,Sim,Nao,Sim,Sim
crime_441,Zona_Sul,Altissimo,4,Sim,Sim,Sim,Nao,3,Sim,Policiamento_via_Companhia,Sim,Sim,Sim,Sim,Sim
crime_442,Zona_Sul,Baixissimo,4,Sim,Sim,Sim,Nao,4,Sim,Policiamento_via_Companhia,Nao,Sim,Sim,Sim,Sim
crime_443,Zona_Sul,Baixissimo,5+,Sim,Sim,Sim,Sim,5+,Sim,Patrulhamento_Batalhoes_Diversos,Sim,Sim,Nao,Nao,Sim
crime_444,Zona_Sul,Baixo,5+,Sim,Sim,Nao,Nao,5+,Sim,Patrulhamento_Batalhoes_Diversos,Sim,Sim,Sim,Sim,Sim
crime_445,Zona_Sul,Baixo,3,Sim,Sim,Nao,Sim,3,Sim,Batalhao_Dedicado,Sim,Sim,Sim,Sim,Sim
crime_446,Zona_Sul,Baixo,5+,Sim,Sim,Nao,Sim,5+,Sim,Policia_Comunitaria_Escolar,Sim,Sim,Nao,Sim,Sim
crime_447,Zona_Sul,Baixissimo,3,Nao,Sim,Sim,Sim,5+,Sim,Batalhao_Dedicado,Sim,Sim,Sim,Sim,Sim
crime_448,Zona_Sul,Baixissimo,4,Sim,Sim,Sim,Sim,3,Sim,Batalhao_Dedicado,Sim,Nao,Sim,Sim,Sim
crime_449,Zona_Sul,Baixissimo,5+,Sim,Sim,Sim,Sim,5+,Sim,Batalhao_Dedicado,Sim,Sim,Nao,Sim,Sim
crime_450,Zona_Sul,Baixo,3,Sim,Sim,Sim,Nao,3,Sim,Batalhao_Dedicado,Sim,Sim,Sim,Sim,Sim
crime_451,Zona_Sul,Baixissimo,4,Sim,Sim,Sim,Nao,5+,Sim,Batalhao_Dedicado,Sim,Nao,Sim,Sim,Sim
crime_452,Zona_Sul,Baixissimo,5+,Nao,Sim,Sim,Sim,5+,Sim,Batalhao_Dedicado,Sim,Sim,Sim,Sim,Sim
crime_453,Zona_Sul,Baixissimo,5+,Sim,Sim,Sim,Nao,5+,Nao,Policiamento_via_Companhia,Sim,Sim,Sim,Sim,Sim
crime_454,Zona_Sul,Baixissimo,5+,Sim,Sim,Sim,Sim,5+,Sim,Batalhao_Dedicado,Sim,Sim,Sim,Sim,Sim
crime_455,Zona_Sul,Baixo,5+,Sim,Sim,Nao,Nao,5+,Sim,Batalhao_Dedicado,Sim,Nao,Sim,Sim,Sim
crime_456,Zona_Sul,Medio,3,Sim,Sim,Nao,Nao,3,Sim,Batalhao_Dedicado,Sim,Nao,Sim,Sim,Sim
crime_457,Zona_Sul,Medio,4,Sim,Sim,Nao,Nao,4,Nao,Batalhao_Dedicado,Sim,Nao,Nao,Sim,Sim
crime_458,Zona_Sul,Baixo,5+,Sim,Sim,Nao,Nao,5+,Sim,Patrulhamento_Batalhoes_Diversos,Sim,Nao,Sim,Sim,Sim
crime_459,Zona_Sul,Neutro,2,Sim,Sim,Nao,Sim,2,Nao,Patrulhamento_Batalhoes_Diversos,Sim,Sim,Nao,Nao,Sim
crime_460,Zona_Oeste,Neutro,2,Sim,Sim,Nao,Nao,2,Nao,Patrulhamento_Batalhoes_Diversos,Sim,Sim,Nao,Nao,Sim
crime_461,Zona_Sul,Medio,3,Sim,Sim,Nao,Nao,3,Sim,Batalhao_Dedicado,Sim,Nao,Sim,Sim,Sim
crime_462,Zona_Sul,Medio,4,Sim,Sim,Nao,Nao,4,Nao,Batalhao_Dedicado,Sim,Nao,Nao,Sim,Sim
crime_463,Zona_Sul,Baixo,5+,Sim,Sim,Nao,Nao,5+,Sim,Patrulhamento_Batalhoes_Diversos,Sim,Nao,Sim,Sim,Sim
crime_464,Zona_Sul,Neutro,2,Sim,Sim,Nao,Sim,2,Nao,Patrulhamento_Batalhoes_Diversos,Sim,Sim,Nao,Nao,Sim
crime_465,Zona_Oeste,Neutro,2,Sim,Sim,Nao,Nao,2,Nao,Patrulhamento_Batalhoes_Diversos,Sim,Sim,Nao,Nao,Sim
crime_466,Centro,Neutro,2,Sim,Sim,Nao,Sim,2,Nao,Patrulhamento_Batalhoes_Diversos,Sim,Sim,Nao,Nao,Sim
crime_467,Zona_Leste,Altissimo,1,Sim,Nao,Nao,Sim,1,Nao,Patrulhamento_Batalhoes_Diversos,Sim,Sim,Nao,Nao,Sim
crime_468,Centro,Neutro,2,Sim,Sim,Sim,Sim,2,Nao,Patrulhamento_Batalhoes_Diversos,Sim,Sim,Nao,Nao,Sim
crime_469,Zona_Oeste,Neutro,2,Sim,Sim,Nao,Sim,2,Sim,Patrulhamento_Batalhoes_Diversos,Sim,Sim,Nao,Nao,Sim
crime_470,Zona_Sul,Neutro,2,Sim,Sim,Nao,Sim,2,Nao,Patrulhamento_Batalhoes_Diversos,Sim,Sim,Nao,Nao,Sim
crime_471,Zona_Leste,Neutro,1,Sim,Sim,Nao,Sim,1,Nao,Batalhao_Dedicado,Sim,Sim,Nao,Nao,Sim
crime_472,Zona_Sul,Neutro,3,Sim,Sim,Nao,Sim,3,Nao,Patrulhamento_Batalhoes_Diversos,Sim,Sim,Nao,Nao,Sim
crime_473,Zona_Sul,Neutro,2,Sim,Sim,Nao,Sim,2,Nao,Patrulhamento_Batalhoes_Diversos,Sim,Sim,Nao,Nao,Sim
crime_474,Zona_Sul,Neutro,2,Sim,Sim,Nao,Sim,2,Nao,Patrulhamento_Batalhoes_Diversos,Sim,Sim,Nao,Nao,Sim
crime_475,Zona_Naorte,Altissimo,1,Sim,Nao,Nao,Sim,1,Nao,Patrulhamento_Batalhoes_Diversos,Sim,Sim,Nao,Nao,Sim
crime_476,Zona_Oeste,Altissimo,2,Sim,Nao,Nao,Sim,2,Nao,Patrulhamento_Batalhoes_Diversos,Sim,Sim,Nao,Nao,Sim
crime_477,Zona_Naorte,Altissimo,1,Sim,Sim,Nao,Nao,1,Nao,Patrulhamento_Batalhoes_Diversos,Nao,Nao,Nao,Nao,Sim
crime_478,Zona_Naorte,Medio,2,Sim,Sim,Nao,Sim,2,Sim,Batalhao_Dedicado,Sim,Sim,Nao,Nao,Sim
crime_479,Zona_Sul,Neutro,3,Sim,Sim,Nao,Sim,3,Nao,Patrulhamento_Batalhoes_Diversos,Sim,Sim,Nao,Nao,Sim
crime_480,Zona_Naorte,Neutro,2,Sim,Sim,Nao,Sim,2,Sim,Patrulhamento_Batalhoes_Diversos,Sim,Sim,Nao,Nao,Sim
crime_481,Zona_Naorte,Neutro,2,Sim,Sim,Nao,Sim,2,Sim,Patrulhamento_Batalhoes_Diversos,Sim,Sim,Nao,Nao,Sim
crime_482,Zona_Sul,Altissimo,1,Sim,Nao,Nao,Sim,2,Sim,Batalhao_Dedicado,Sim,Sim,Nao,Nao,Sim
crime_483,Zona_Sul,Neutro,2,Sim,Sim,Nao,Sim,2,Nao,Patrulhamento_Batalhoes_Diversos,Sim,Sim,Nao,Nao,Sim
crime_484,Zona_Sul,Neutro,2,Sim,Sim,Nao,Sim,2,Nao,Patrulhamento_Batalhoes_Diversos,Sim,Sim,Nao,Nao,Sim
crime_485,Zona_Sul,Neutro,1,Sim,Sim,Nao,Sim,1,Sim,Patrulhamento_Batalhoes_Diversos,Sim,Sim,Nao,Nao,Sim
crime_486,Zona_Sul,Neutro,2,Sim,Sim,Nao,Sim,2,Nao,Patrulhamento_Batalhoes_Diversos,Sim,Sim,Nao,Nao,Sim
crime_487,Centro,Altissimo,1,Sim,Nao,Nao,Sim,2,Nao,Patrulhamento_Batalhoes_Diversos,Sim,Sim,Nao,Nao,Sim
crime_488,Zona_Oeste,Altissimo,1,Sim,Sim,Nao,Nao,1,Nao,Patrulhamento_Batalhoes_Diversos,Sim,Sim,Nao,Nao,Sim
crime_489,Zona_Sul,Neutro,2,Sim,Sim,Nao,Sim,2,Nao,Patrulhamento_Batalhoes_Diversos,Sim,Sim,Nao,Nao,Sim
crime_490,Zona_Naorte,Neutro,3,Sim,Sim,Nao,Nao,3,Nao,Patrulhamento_Batalhoes_Diversos,Sim,Sim,Nao,Nao,Sim
crime_491,Zona_Naorte,Altissimo,1,Sim,Nao,Nao,Sim,1,Nao,Patrulhamento_Batalhoes_Diversos,Sim,Sim,Nao,Nao,Sim
crime_492,Zona_Sul,Neutro,4,Sim,Sim,Nao,Sim,4,Nao,Patrulhamento_Batalhoes_Diversos,Sim,Sim,Nao,Nao,Sim
crime_493,Zona_Oeste,Neutro,4,Sim,Sim,Nao,Sim,4,Nao,Patrulhamento_Batalhoes_Diversos,Sim,Sim,Nao,Nao,Sim
crime_494,Zona_Oeste,Neutro,4,Sim,Sim,Nao,Sim,4,Nao,Patrulhamento_Batalhoes_Diversos,Sim,Sim,Nao,Sim,Nao
crime_495,Zona_Leste,Altissimo,1,Sim,Nao,Nao,Sim,1,DP_12_Horas,Policiamento_via_Companhia,Nao,Sim,Nao,Nao,Nao
crime_496,Zona_Sul,Neutro,2,Sim,Sim,Nao,Sim,2,Nao,Patrulhamento_Batalhoes_Diversos,Sim,Sim,Nao,Nao,Sim
crime_497,Zona_Naorte,Neutro,3,Sim,Sim,Nao,Sim,3,Nao,Patrulhamento_Batalhoes_Diversos,Sim,Sim,Nao,Nao,Sim
crime_498,Centro,Altissimo,1,Sim,Sim,Nao,Nao,1,Nao,Patrulhamento_Batalhoes_Diversos,Sim,Sim,Nao,Nao,Sim
crime_499,Zona_Sul,Neutro,2,Sim,Sim,Nao,Sim,2,Nao,Patrulhamento_Batalhoes_Diversos,Sim,Sim,Nao,Nao,Sim
crime_500,Zona_Leste,Neutro,2,Sim,Sim,Nao,Sim,2,Nao,Patrulhamento_Batalhoes_Diversos,Sim,Sim,Nao,Nao,Sim
crime_501,Centro,Neutro,2,Sim,Sim,Nao,Sim,2,Nao,Patrulhamento_Batalhoes_Diversos,Sim,Sim,Nao,Nao,Sim
crime_502,Zona_Sul,Neutro,3,Sim,Sim,Nao,Sim,3,Nao,Patrulhamento_Batalhoes_Diversos,Sim,Sim,Nao,Nao,Sim
crime_503,Centro,Neutro,3,Sim,Sim,Nao,Sim,3,DP_12_Horas,Policiamento_via_Companhia,Nao,Sim,Nao,Nao,Nao
crime_504,Zona_Naorte,Altissimo,1,Sim,Nao,Nao,Sim,2,Sim,Patrulhamento_Batalhoes_Diversos,Sim,Sim,Nao,Nao,Sim
crime_505,Zona_Sul,Altissimo,1,Sim,Nao,Nao,Sim,1,Nao,Patrulhamento_Batalhoes_Diversos,Nao,Nao,Nao,Nao,Sim
crime_506,Zona_Oeste,Altissimo,1,Sim,Nao,Nao,Sim,2,Sim,Batalhao_Dedicado,Sim,Sim,Nao,Nao,Sim
crime_507,Zona_Sul,Altissimo,1,Sim,Sim,Nao,Sim,1,Nao,Patrulhamento_Batalhoes_Diversos,Sim,Sim,Nao,Nao,Sim
crime_508,Zona_Leste,Altissimo,1,Sim,Nao,Nao,Sim,1,Nao,Patrulhamento_Batalhoes_Diversos,Sim,Sim,Nao,Nao,Sim
crime_509,Zona_Leste,Altissimo,1,Sim,Nao,Nao,Sim,1,Nao,Patrulhamento_Batalhoes_Diversos,Sim,Sim,Nao,Nao,Sim
crime_510,Zona_Sul,Neutro,3,Sim,Sim,Nao,Sim,3,Nao,Patrulhamento_Batalhoes_Diversos,Sim,Sim,Nao,Nao,Sim
crime_511,Zona_Sul,Neutro,2,Sim,Sim,Nao,Sim,2,Nao,Patrulhamento_Batalhoes_Diversos,Sim,Sim,Nao,Nao,Sim
crime_512,Zona_Leste,Neutro,2,Sim,Sim,Nao,Nao,2,Nao,Patrulhamento_Batalhoes_Diversos,Sim,Sim,Nao,Nao,Sim
crime_513,Zona_Sul,Neutro,3,Sim,Sim,Nao,Sim,3,Nao,Patrulhamento_Batalhoes_Diversos,Sim,Sim,Nao,Nao,Sim
crime_514,Zona_Sul,Baixo,5+,Sim,Sim,Nao,Nao,5+,Sim,Patrulhamento_Batalhoes_Diversos,Sim,Sim,Sim,Nao,Sim
crime_515,Zona_Sul,Altissimo,5+,Sim,Sim,Nao,Sim,5+,Sim,Batalhao_Dedicado,Sim,Sim,Nao,Nao,Sim
crime_516,Zona_Sul,Baixo,5+,Sim,Sim,Nao,Nao,5+,Sim,Patrulhamento_Batalhoes_Diversos,Sim,Sim,Sim,Sim,Sim
crime_517,Zona_Sul,Baixissimo,5+,Sim,Sim,Nao,Sim,5+,Sim,Patrulhamento_Batalhoes_Diversos,Sim,Sim,Sim,Sim,Sim
crime_518,Zona_Sul,Baixissimo,5+,Sim,Sim,Sim,Sim,4,Sim,Patrulhamento_Batalhoes_Diversos,Sim,Sim,Sim,Sim,Sim
crime_519,Zona_Sul,Baixo,5+,Sim,Sim,Nao,Sim,3,Sim,Patrulhamento_Batalhoes_Diversos,Sim,Sim,Sim,Sim,Sim
crime_520,Zona_Sul,Baixo,4,Sim,Sim,Nao,Sim,3,Sim,Patrulhamento_Batalhoes_Diversos,Sim,Sim,Sim,Sim,Sim
crime_521,Zona_Sul,Baixo,4,Sim,Sim,Nao,Sim,3,Sim,Batalhao_Dedicado,Sim,Sim,Nao,Sim,Sim
crime_522,Zona_Sul,Baixo,4,Sim,Sim,Nao,Sim,3,Nao,Patrulhamento_Batalhoes_Diversos,Sim,Sim,Sim,Sim,Sim
crime_523,Zona_Sul,Baixissimo,5+,Sim,Sim,Sim,Sim,5+,Sim,Patrulhamento_Batalhoes_Diversos,Sim,Sim,Sim,Sim,Sim
crime_524,Zona_Sul,Baixo,4,Sim,Sim,Nao,Sim,4,Sim,Patrulhamento_Batalhoes_Diversos,Sim,Sim,Sim,Sim,Sim
crime_525,Zona_Sul,Altissimo,3,Sim,Sim,Nao,Nao,3,Sim,Batalhao_Dedicado,Sim,Sim,Nao,Sim,Sim
crime_526,Zona_Sul,Altissimo,1,Nao,Nao,Nao,Sim,3,DP_12_Horas,Policia_Comunitaria_Escolar,Nao,Nao,Sim,Nao,Nao
crime_527,Zona_Sul,Altissimo,4,Sim,Sim,Nao,Nao,4,Nao,Policia_Comunitaria_Escolar,Sim,Nao,Nao,Sim,Sim
crime_528,Zona_Sul,Altissimo,3,Sim,Sim,Nao,Nao,3,Nao,Policia_Comunitaria_Escolar,Sim,Sim,Nao,Sim,Sim
crime_529,Zona_Sul,Altissimo,5+,Sim,Sim,Nao,Nao,4,Nao,Policia_Comunitaria_Escolar,Sim,Nao,Nao,Sim,Sim
crime_530,Zona_Sul,Altissimo,3,Sim,Sim,Nao,Sim,4,Nao,Policia_Comunitaria_Escolar,Nao,Sim,Sim,Sim,Sim
crime_531,Zona_Sul,Altissimo,1,Nao,Nao,Sim,Sim,1,Nao,Patrulhamento_Batalhoes_Diversos,Sim,Nao,Nao,Nao,Sim
crime_532,Zona_Sul,Altissimo,2,Sim,Sim,Nao,Sim,3,Sim,Patrulhamento_Batalhoes_Diversos,Sim,Sim,Sim,Sim,Sim
crime_533,Zona_Sul,Altissimo,1,Sim,Nao,Nao,Sim,1,Sim,Policiamento_via_Companhia,Sim,Nao,Nao,Sim,Sim
crime_534,Zona_Sul,Altissimo,5+,Sim,Sim,Nao,Nao,5+,Sim,Patrulhamento_Batalhoes_Diversos,Nao,Sim,Nao,Nao,Sim
crime_535,Zona_Sul,Altissimo,1,Sim,Nao,Nao,Sim,1,Nao,Policia_Comunitaria_Escolar,Nao,Nao,Nao,Nao,Sim
crime_536,Zona_Sul,Altissimo,1,Sim,Nao,Sim,Sim,1,Nao,Patrulhamento_Batalhoes_Diversos,Nao,Nao,Nao,Nao,Nao
crime_537,Zona_Sul,Altissimo,3,Sim,Sim,Nao,Nao,3,Nao,Batalhao_Dedicado,Sim,Nao,Nao,Nao,Sim
crime_538,Zona_Naorte,Altissimo,2,Sim,Sim,Nao,Nao,2,Sim,Batalhao_Dedicado,Nao,Nao,Sim,Nao,Nao
crime_539,Zona_Sul,Altissimo,3,Sim,Sim,Nao,Nao,3,Nao,Patrulhamento_Batalhoes_Diversos,Sim,Sim,Nao,Nao,Nao
crime_540,Zona_Sul,Altissimo,1,Sim,Sim,Nao,Nao,4,Nao,Policia_Comunitaria_Escolar,Sim,Sim,Nao,Nao,Sim
crime_541,Zona_Sul,Altissimo,2,Sim,Nao,Sim,Sim,2,Sim,Batalhao_Dedicado,Sim,Sim,Sim,Nao,Sim
crime_542,Zona_Sul,Altissimo,2,Sim,Sim,Nao,Sim,2,Sim,Batalhao_Dedicado,Sim,Sim,Nao,Sim,Sim
crime_543,Zona_Sul,Altissimo,5+,Sim,Sim,Nao,Nao,5+,Sim,Patrulhamento_Batalhoes_Diversos,Sim,Nao,Nao,Nao,Nao
crime_544,Zona_Sul,Altissimo,5+,Sim,Sim,Nao,Nao,5+,Sim,Batalhao_Dedicado,Sim,Nao,Nao,Nao,Sim
crime_545,Zona_Sul,Altissimo,3,Sim,Sim,Nao,Sim,3,Sim,Batalhao_Dedicado,Sim,Sim,Nao,Nao,Nao
crime_546,Zona_Sul,Medio,5+,Sim,Sim,Nao,Nao,3,Sim,Patrulhamento_Batalhoes_Diversos,Sim,Sim,Nao,Nao,Sim
crime_547,Zona_Sul,Baixo,5+,Sim,Sim,Nao,Nao,3,Sim,Policiamento_via_Companhia,Sim,Sim,Sim,Nao,Sim
crime_548,Zona_Sul,Medio,4,Sim,Sim,Nao,Nao,3,Sim,Patrulhamento_Batalhoes_Diversos,Sim,Sim,Sim,Nao,Sim
crime_549,Zona_Sul,Medio,5+,Sim,Sim,Nao,Nao,5+,Nao,Policiamento_via_Companhia,Sim,Nao,Nao,Sim,Sim
crime_550,Zona_Sul,Altissimo,4,Sim,Sim,Sim,Nao,2,Nao,Batalhao_Dedicado,Sim,Sim,Nao,Sim,Sim
crime_551,Zona_Sul,Medio,5+,Sim,Sim,Nao,Sim,5+,Sim,Policiamento_via_Companhia,Sim,Nao,Nao,Nao,Nao
crime_552,Zona_Sul,Medio,5+,Sim,Sim,Nao,Nao,5+,Sim,Policiamento_via_Companhia,Sim,Sim,Nao,Nao,Nao
crime_553,Zona_Sul,Neutro,3,Sim,Sim,Nao,Sim,2,Sim,Patrulhamento_Batalhoes_Diversos,Nao,Nao,Nao,Sim,Sim
crime_554,Zona_Sul,Baixo,4,Sim,Sim,Nao,Sim,4,Nao,Patrulhamento_Batalhoes_Diversos,Sim,Sim,Sim,Sim,Nao
crime_555,Zona_Sul,Medio,4,Sim,Sim,Nao,Sim,3,Nao,Policia_Comunitaria_Escolar,Sim,Sim,Sim,Sim,Sim
crime_556,Zona_Sul,Medio,5+,Sim,Sim,Nao,Nao,3,Sim,Patrulhamento_Batalhoes_Diversos,Sim,Sim,Nao,Nao,Sim
crime_557,Zona_Sul,Baixo,5+,Sim,Sim,Sim,Sim,4,Sim,Patrulhamento_Batalhoes_Diversos,Sim,Nao,Sim,Nao,Nao
crime_558,Zona_Sul,Baixo,5+,Sim,Sim,Nao,Nao,5+,Nao,Patrulhamento_Batalhoes_Diversos,Sim,Sim,Sim,Sim,Sim
crime_559,Zona_Sul,Altissimo,5+,Sim,Sim,Sim,Nao,5+,Nao,Patrulhamento_Batalhoes_Diversos,Sim,Sim,Sim,Sim,Nao
crime_560,Zona_Sul,Baixo,5+,Sim,Sim,Sim,Nao,5+,Sim,Patrulhamento_Batalhoes_Diversos,Sim,Sim,Nao,Nao,Sim
crime_561,Zona_Sul,Baixo,5+,Sim,Sim,Nao,Sim,5+,Sim,Patrulhamento_Batalhoes_Diversos,Sim,Sim,Nao,Nao,Sim
crime_562,Zona_Sul,Baixissimo,5+,Sim,Sim,Sim,Nao,5+,Sim,Policiamento_via_Companhia,Sim,Sim,Sim,Sim,Sim
crime_563,Zona_Sul,Altissimo,4,Sim,Sim,Sim,Nao,4,Sim,Batalhao_Dedicado,Sim,Sim,Nao,Sim,Sim
crime_564,Zona_Sul,Baixo,5+,Sim,Sim,Nao,Nao,4,Sim,Patrulhamento_Batalhoes_Diversos,Sim,Sim,Sim,Sim,Sim
crime_565,Zona_Sul,Baixo,5+,Sim,Sim,Nao,Sim,5+,Sim,Patrulhamento_Batalhoes_Diversos,Sim,Sim,Sim,Nao,Sim
crime_566,Zona_Sul,Baixo,5+,Sim,Sim,Sim,Nao,5+,Sim,Policiamento_via_Companhia,Sim,Sim,Sim,Nao,Sim
crime_567,Zona_Sul,Baixo,5+,Sim,Sim,Nao,Nao,5+,Sim,Patrulhamento_Batalhoes_Diversos,Sim,Sim,Sim,Nao,Sim
crime_568,Zona_Sul,Baixissimo,5+,Sim,Sim,Sim,Nao,5+,Sim,Batalhao_Dedicado,Sim,Sim,Sim,Sim,Sim
crime_569,Zona_Sul,Altissimo,5+,Sim,Sim,Sim,Nao,5+,Sim,Batalhao_Dedicado,Sim,Sim,Sim,Sim,Sim
crime_570,Zona_Sul,Altissimo,5+,Sim,Sim,Nao,Nao,5+,Sim,Batalhao_Dedicado,Sim,Sim,Sim,Nao,Sim
crime_571,Zona_Sul,Altissimo,3,Sim,Sim,Nao,Sim,3,Sim,Batalhao_Dedicado,Sim,Sim,Sim,Sim,Sim
crime_572,Zona_Sul,Altissimo,3,Sim,Sim,Sim,Nao,2,Sim,Batalhao_Dedicado,Sim,Nao,Nao,Nao,Sim
crime_573,Zona_Sul,Altissimo,3,Sim,Sim,Nao,Nao,2,Sim,Batalhao_Dedicado,Sim,Sim,Sim,Sim,Sim
crime_574,Zona_Sul,Altissimo,5+,Sim,Sim,Sim,Sim,5+,Nao,Batalhao_Dedicado,Sim,Sim,Sim,Nao,Sim
crime_575,Zona_Sul,Altissimo,2,Sim,Nao,Nao,Sim,2,Nao,Policiamento_via_Companhia,Sim,Sim,Nao,Nao,Sim
crime_576,Zona_Sul,Altissimo,3,Sim,Sim,Nao,Nao,5+,Sim,Policia_Comunitaria_Escolar,Sim,Nao,Sim,Nao,Sim
crime_577,Zona_Sul,Altissimo,2,Sim,Sim,Nao,Sim,4,Sim,Patrulhamento_Batalhoes_Diversos,Sim,Nao,Sim,Nao,Sim
crime_578,Zona_Sul,Altissimo,2,Sim,Nao,Nao,Sim,2,Sim,Policia_Comunitaria_Escolar,Sim,Nao,Nao,Nao,Nao
crime_579,Zona_Sul,Altissimo,4,Sim,Nao,Nao,Sim,3,Sim,Policia_Comunitaria_Escolar,Sim,Nao,Nao,Nao,Nao
crime_580,Zona_Sul,Altissimo,3,Sim,Sim,Nao,Sim,3,Nao,Patrulhamento_Batalhoes_Diversos,Sim,Nao,Nao,Nao,Sim
crime_581,Zona_Sul,Altissimo,2,Sim,Sim,Nao,Sim,4,Sim,Batalhao_Dedicado,Sim,Sim,Nao,Sim,Sim
crime_582,Zona_Sul,Altissimo,4,Sim,Sim,Nao,Sim,3,Sim,Patrulhamento_Batalhoes_Diversos,Sim,Nao,Nao,Nao,Sim
crime_583,Zona_Sul,Altissimo,3,Sim,Sim,Nao,Sim,3,Nao,Batalhao_Dedicado,Sim,Sim,Sim,Nao,Sim
crime_584,Zona_Sul,Altissimo,5+,Sim,Sim,Nao,Sim,3,Nao,Policia_Comunitaria_Escolar,Sim,Sim,Nao,Nao,Sim
crime_585,Zona_Sul,Neutro,1,Nao,Sim,Nao,Sim,1,Nao,Batalhao_Dedicado,Sim,Sim,Nao,Nao,Sim
crime_586,Zona_Sul,Medio,3,Sim,Sim,Sim,Sim,4,Sim,Policiamento_via_Companhia,Sim,Sim,Sim,Nao,Sim
crime_587,Zona_Sul,Altissimo,4,Sim,Sim,Nao,Nao,4,Sim,Policiamento_via_Companhia,Sim,Sim,Nao,Sim,Sim
crime_588,Zona_Sul,Altissimo,4,Sim,Sim,Nao,Nao,4,Nao,Batalhao_Dedicado,Sim,Sim,Sim,Sim,Sim
crime_589,Zona_Sul,Altissimo,2,Sim,Sim,Nao,Sim,2,Sim,Patrulhamento_Batalhoes_Diversos,Nao,Sim,Sim,Sim,Sim
crime_590,Zona_Sul,Altissimo,5+,Sim,Sim,Nao,Sim,5+,Sim,Batalhao_Dedicado,Nao,Sim,Nao,Sim,Sim
crime_591,Zona_Sul,Altissimo,3,Sim,Nao,Nao,Sim,3,Sim,Batalhao_Dedicado,Nao,Nao,Nao,Sim,Sim
crime_592,Zona_Sul,Altissimo,3,Sim,Sim,Nao,Sim,3,Nao,Patrulhamento_Batalhoes_Diversos,Nao,Sim,Nao,Nao,Sim
crime_593,Zona_Sul,Altissimo,2,Nao,Sim,Nao,Sim,2,Nao,Patrulhamento_Batalhoes_Diversos,Nao,Sim,Nao,Nao,Sim
crime_594,Zona_Sul,Altissimo,0,Sim,Sim,Nao,Sim,0,Sim,Patrulhamento_Batalhoes_Diversos,Nao,Sim,Nao,Nao,Sim
crime_595,Zona_Sul,Altissimo,3,Sim,Nao,Nao,Sim,3,Sim,Patrulhamento_Batalhoes_Diversos,Sim,Nao,Sim,Nao,Sim
crime_596,Zona_Sul,Altissimo,3,Sim,Nao,Nao,Sim,3,Sim,Patrulhamento_Batalhoes_Diversos,Sim,Sim,Nao,Sim,Sim
crime_597,Zona_Sul,Altissimo,3,Sim,Sim,Sim,Nao,3,Nao,Batalhao_Dedicado,Sim,Sim,Sim,Sim,Sim
crime_598,Zona_Sul,Altissimo,5+,Sim,Sim,Nao,Nao,5+,DP_12_Horas,Policia_Comunitaria_Escolar,Nao,Nao,Sim,Nao,Nao
crime_599,Zona_Sul,Baixissimo,5+,Nao,Nao,Nao,Sim,Sim,DP_12_Horas,Nao,Nao,Nao,Sim,Nao,Nao
crime_600,Zona_Sul,Baixo,5+,Nao,Nao,Nao,Sim,Sim,DP_12_Horas,Sim,Nao,Nao,Nao,Nao,Nao
crime_601,Zona_Sul,Altissimo,4,Sim,Sim,Nao,Sim,5+,Sim,Patrulhamento_Batalhoes_Diversos,Sim,Sim,Sim,Sim,Sim
crime_602,Zona_Sul,Baixissimo,4,Sim,Sim,Sim,Sim,5+,Sim,Patrulhamento_Batalhoes_Diversos,Sim,Sim,Sim,Sim,Sim
crime_603,Zona_Sul,Medio,4,Sim,Sim,Nao,Nao,4,Nao,Patrulhamento_Batalhoes_Diversos,Sim,Nao,Nao,Sim,Sim
crime_604,Zona_Sul,Altissimo,3,Sim,Sim,Nao,Nao,3,Sim,Patrulhamento_Batalhoes_Diversos,Sim,Sim,Sim,Sim,Sim
crime_605,Zona_Sul,Altissimo,2,Sim,Sim,Nao,Nao,3,Sim,Patrulhamento_Batalhoes_Diversos,Sim,Sim,Nao,Sim,Sim
crime_606,Zona_Sul,Altissimo,3,Sim,Sim,Nao,Nao,2,Sim,Patrulhamento_Batalhoes_Diversos,Sim,Sim,Sim,Sim,Sim
crime_607,Zona_Sul,Altissimo,2,Sim,Sim,Nao,Nao,2,Sim,Policia_Comunitaria_Escolar,Sim,Sim,Nao,Sim,Sim
crime_608,Zona_Sul,Altissimo,1,Nao,Nao,Nao,Sim,3,DP_12_Horas,Policia_Comunitaria_Escolar,Nao,Nao,Sim,Nao,Nao
crime_609,Zona_Sul,Altissimo,2,Sim,Sim,Nao,Nao,2,Sim,Policia_Comunitaria_Escolar,Sim,Sim,Sim,Nao,Nao
crime_610,Zona_Sul,Altissimo,1,Sim,Nao,Nao,Sim,1,Sim,Batalhao_Dedicado,Sim,Sim,Sim,Nao,Sim
crime_611,Zona_Sul,Altissimo,1,Nao,Sim,Nao,Sim,1,Nao,Batalhao_Dedicado,Sim,Sim,Nao,Sim,Sim
crime_612,Zona_Sul,Baixo,4,Sim,Sim,Nao,Sim,3,Sim,Patrulhamento_Batalhoes_Diversos,Sim,Sim,Nao,Sim,Sim
crime_613,Zona_Sul,Altissimo,2,Sim,Nao,Nao,Sim,2,Sim,Batalhao_Dedicado,Sim,Sim,Sim,Sim,Sim
crime_614,Zona_Sul,Altissimo,2,Sim,Sim,Nao,Nao,2,Nao,Patrulhamento_Batalhoes_Diversos,Sim,Sim,Nao,Sim,Sim
crime_615,Zona_Sul,Altissimo,4,Sim,Sim,Sim,Sim,4,Sim,Patrulhamento_Batalhoes_Diversos,Sim,Sim,Sim,Nao,Sim
crime_616,Zona_Sul,Altissimo,1,Sim,Nao,Nao,Sim,1,Nao,Policia_Comunitaria_Escolar,Sim,Sim,Sim,Sim,Sim
crime_617,Zona_Sul,Altissimo,1,Nao,Nao,Nao,Sim,3,DP_12_Horas,Policia_Comunitaria_Escolar,Nao,Nao,Sim,Nao,Nao
crime_618,Zona_Sul,Altissimo,5+,Sim,Sim,Nao,Sim,5+,Sim,Patrulhamento_Batalhoes_Diversos,Sim,Sim,Nao,Sim,Sim
crime_619,Zona_Sul,Medio,3,Sim,Sim,Nao,Nao,3,Sim,Batalhao_Dedicado,Sim,Sim,Sim,Sim,Sim
crime_620,Zona_Sul,Medio,3,Sim,Sim,Nao,Nao,5+,Sim,Patrulhamento_Batalhoes_Diversos,Sim,Nao,Nao,Sim,Sim
crime_621,Zona_Sul,Medio,3,Sim,Sim,Nao,Nao,5+,Sim,Patrulhamento_Batalhoes_Diversos,Sim,Nao,Nao,Sim,Sim
crime_622,Zona_Sul,Baixo,4,Sim,Sim,Nao,Sim,2,Sim,Batalhao_Dedicado,Sim,Sim,Sim,Sim,Sim
crime_623,Zona_Sul,Baixissimo,5+,Sim,Sim,Sim,Nao,5+,Sim,Batalhao_Dedicado,Sim,Sim,Sim,Sim,Sim
crime_624,Zona_Sul,Baixissimo,5+,Sim,Sim,Sim,Sim,5+,Sim,Batalhao_Dedicado,Sim,Sim,Nao,Sim,Sim
crime_625,Zona_Sul,Altissimo,1,Nao,Sim,Sim,Nao,1,Nao,Batalhao_Dedicado,Sim,Sim,Nao,Nao,Sim
crime_626,Zona_Sul,Altissimo,3,Sim,Sim,Sim,Nao,3,Sim,Batalhao_Dedicado,Sim,Sim,Sim,Sim,Sim
crime_627,Zona_Sul,Altissimo,4,Sim,Sim,Nao,Sim,4,Sim,Patrulhamento_Batalhoes_Diversos,Sim,Sim,Nao,Nao,Sim
crime_628,Zona_Sul,Altissimo,2,Sim,Sim,Nao,Sim,2,Nao,Patrulhamento_Batalhoes_Diversos,Sim,Sim,Nao,Nao,Sim
crime_629,Zona_Sul,Altissimo,3,Sim,Sim,Nao,Sim,3,Nao,Patrulhamento_Batalhoes_Diversos,Sim,Sim,Nao,Nao,Sim
crime_630,Zona_Sul,Altissimo,1,Nao,Nao,Nao,Sim,3,DP_12_Horas,Policia_Comunitaria_Escolar,Nao,Nao,Sim,Nao,Nao
crime_631,Zona_Sul,Altissimo,5+,Sim,Sim,Sim,Sim,5+,Sim,Policiamento_via_Companhia,Nao,Nao,Nao,Sim,Sim
crime_632,Zona_Oeste,Altissimo,1,Sim,Nao,Nao,Sim,1,Nao,Patrulhamento_Batalhoes_Diversos,Sim,Sim,Nao,Sim,Sim
crime_633,Zona_Sul,Altissimo,2,Nao,Nao,Nao,Sim,Nao,DP_12_Horas,Nao,Nao,Nao,Nao,Sim,Nao
crime_634,Zona_Sul,Medio,2,Sim,Sim,Sim,Nao,3,Sim,Patrulhamento_Batalhoes_Diversos,Sim,Sim,Sim,Nao,Nao
crime_635,Zona_Sul,Altissimo,1,Nao,Nao,Nao,Sim,3,DP_12_Horas,Policia_Comunitaria_Escolar,Nao,Nao,Sim,Nao,Nao
crime_636,Zona_Sul,Altissimo,5+,Sim,Sim,Nao,Sim,5+,Sim,Policiamento_via_Companhia,Sim,Sim,Nao,Sim,Sim
crime_637,Zona_Sul,Altissimo,1,Nao,Nao,Nao,Sim,3,DP_12_Horas,Policia_Comunitaria_Escolar,Nao,Nao,Sim,Nao,Nao
crime_638,Zona_Sul,Altissimo,2,Sim,Nao,Nao,Sim,2,Nao,Policia_Comunitaria_Escolar,Sim,Nao,Nao,Sim,Sim
crime_639,Zona_Sul,Altissimo,3,Sim,Sim,Nao,Sim,3,Sim,Patrulhamento_Batalhoes_Diversos,Sim,Nao,Sim,Sim,Sim
crime_640,Centro,Altissimo,3,Sim,Sim,Nao,Nao,4,Sim,Policia_Comunitaria_Escolar,Sim,Sim,Nao,Sim,Sim
crime_641,Zona_Sul,Altissimo,5+,Sim,Sim,Sim,Sim,5+,Sim,Batalhao_Dedicado,Sim,Sim,Sim,Sim,Sim
crime_642,Zona_Sul,Altissimo,4,Sim,Sim,Nao,Nao,3,Sim,Patrulhamento_Batalhoes_Diversos,Sim,Sim,Nao,Sim,Sim
crime_643,Zona_Sul,Altissimo,4,Sim,Sim,Sim,Nao,3,Sim,Batalhao_Dedicado,Sim,Sim,Sim,Sim,Sim
crime_644,Zona_Sul,Altissimo,3,Sim,Sim,Sim,Nao,3,Sim,Batalhao_Dedicado,Sim,Nao,Sim,Sim,Sim
crime_645,Zona_Sul,Altissimo,5+,Sim,Sim,Sim,Sim,5+,Sim,Patrulhamento_Batalhoes_Diversos,Sim,Sim,Sim,Sim,Sim
crime_646,Zona_Sul,Altissimo,5+,Sim,Sim,Nao,Nao,5+,Sim,Patrulhamento_Batalhoes_Diversos,Sim,Sim,Sim,Sim,Sim
crime_647,Zona_Sul,Baixissimo,5+,Sim,Sim,Sim,Sim,5+,Sim,Batalhao_Dedicado,Sim,Sim,Sim,Sim,Sim
crime_648,Zona_Sul,Baixo,4,Sim,Sim,Nao,Nao,4,Sim,Batalhao_Dedicado,Sim,Sim,Nao,Sim,Sim
crime_649,Zona_Sul,Altissimo,4,Sim,Sim,Sim,Nao,3,Sim,Policiamento_via_Companhia,Sim,Sim,Sim,Sim,Sim
crime_650,Zona_Sul,Baixissimo,4,Sim,Sim,Sim,Nao,4,Sim,Policiamento_via_Companhia,Nao,Sim,Sim,Sim,Sim
crime_651,Zona_Sul,Baixissimo,5+,Sim,Sim,Sim,Sim,5+,Sim,Patrulhamento_Batalhoes_Diversos,Sim,Sim,Nao,Nao,Sim
crime_652,Zona_Sul,Baixo,5+,Sim,Sim,Nao,Nao,5+,Sim,Patrulhamento_Batalhoes_Diversos,Sim,Sim,Sim,Sim,Sim
crime_653,Zona_Sul,Baixo,3,Sim,Sim,Nao,Sim,3,Sim,Batalhao_Dedicado,Sim,Sim,Sim,Sim,Sim
crime_654,Zona_Sul,Baixo,5+,Sim,Sim,Nao,Sim,5+,Sim,Policia_Comunitaria_Escolar,Sim,Sim,Nao,Sim,Sim
crime_655,Zona_Sul,Baixissimo,3,Nao,Sim,Sim,Sim,5+,Sim,Batalhao_Dedicado,Sim,Sim,Sim,Sim,Sim
crime_656,Zona_Sul,Baixissimo,4,Sim,Sim,Sim,Sim,3,Sim,Batalhao_Dedicado,Sim,Nao,Sim,Sim,Sim
crime_657,Zona_Sul,Baixissimo,5+,Sim,Sim,Sim,Sim,5+,Sim,Batalhao_Dedicado,Sim,Sim,Nao,Sim,Sim
crime_658,Zona_Sul,Baixo,3,Sim,Sim,Sim,Nao,3,Sim,Batalhao_Dedicado,Sim,Sim,Sim,Sim,Sim
crime_659,Zona_Sul,Baixissimo,4,Sim,Sim,Sim,Nao,5+,Sim,Batalhao_Dedicado,Sim,Nao,Sim,Sim,Sim
crime_660,Zona_Sul,Baixissimo,5+,Nao,Sim,Sim,Sim,5+,Sim,Batalhao_Dedicado,Sim,Sim,Sim,Sim,Sim
crime_661,Zona_Sul,Baixissimo,5+,Sim,Sim,Sim,Nao,5+,Nao,Policiamento_via_Companhia,Sim,Sim,Sim,Sim,Sim
crime_662,Zona_Sul,Baixissimo,5+,Sim,Sim,Sim,Sim,5+,Sim,Batalhao_Dedicado,Sim,Sim,Sim,Sim,Sim
crime_663,Zona_Sul,Baixo,5+,Sim,Sim,Nao,Nao,5+,Sim,Batalhao_Dedicado,Sim,Nao,Sim,Sim,Sim
crime_664,Zona_Sul,Medio,3,Sim,Sim,Nao,Nao,3,Sim,Batalhao_Dedicado,Sim,Nao,Sim,Sim,Sim
crime_665,Zona_Sul,Medio,4,Sim,Sim,Nao,Nao,4,Nao,Batalhao_Dedicado,Sim,Nao,Nao,Sim,Sim
crime_666,Zona_Sul,Baixo,5+,Sim,Sim,Nao,Nao,5+,Sim,Patrulhamento_Batalhoes_Diversos,Sim,Nao,Sim,Sim,Sim
crime_667,Zona_Sul,Neutro,2,Sim,Sim,Nao,Sim,2,Nao,Patrulhamento_Batalhoes_Diversos,Sim,Sim,Nao,Nao,Sim
crime_668,Zona_Oeste,Neutro,2,Sim,Sim,Nao,Nao,2,Nao,Patrulhamento_Batalhoes_Diversos,Sim,Sim,Nao,Nao,Sim
crime_669,Centro,Neutro,2,Sim,Sim,Nao,Sim,2,Nao,Patrulhamento_Batalhoes_Diversos,Sim,Sim,Nao,Nao,Sim
crime_670,Zona_Leste,Altissimo,1,Sim,Nao,Nao,Sim,1,Nao,Patrulhamento_Batalhoes_Diversos,Sim,Sim,Nao,Nao,Sim
crime_671,Centro,Neutro,2,Sim,Sim,Sim,Sim,2,Nao,Patrulhamento_Batalhoes_Diversos,Sim,Sim,Nao,Nao,Sim
crime_672,Zona_Oeste,Neutro,2,Sim,Sim,Nao,Sim,2,Sim,Patrulhamento_Batalhoes_Diversos,Sim,Sim,Nao,Nao,Sim
crime_673,Zona_Sul,Neutro,2,Sim,Sim,Nao,Sim,2,Nao,Patrulhamento_Batalhoes_Diversos,Sim,Sim,Nao,Nao,Sim
crime_674,Zona_Leste,Neutro,1,Sim,Sim,Nao,Sim,1,Nao,Batalhao_Dedicado,Sim,Sim,Nao,Nao,Sim
crime_675,Zona_Sul,Neutro,3,Sim,Sim,Nao,Sim,3,Nao,Patrulhamento_Batalhoes_Diversos,Sim,Sim,Nao,Nao,Sim
crime_676,Zona_Sul,Neutro,2,Sim,Sim,Nao,Sim,2,Nao,Patrulhamento_Batalhoes_Diversos,Sim,Sim,Nao,Nao,Sim
crime_677,Zona_Sul,Neutro,2,Sim,Sim,Nao,Sim,2,Nao,Patrulhamento_Batalhoes_Diversos,Sim,Sim,Nao,Nao,Sim
crime_678,Zona_Naorte,Altissimo,1,Sim,Nao,Nao,Sim,1,Nao,Patrulhamento_Batalhoes_Diversos,Sim,Sim,Nao,Nao,Sim
crime_679,Zona_Oeste,Altissimo,2,Sim,Nao,Nao,Sim,2,Nao,Patrulhamento_Batalhoes_Diversos,Sim,Sim,Nao,Nao,Sim
crime_680,Zona_Naorte,Altissimo,1,Sim,Sim,Nao,Nao,1,Nao,Patrulhamento_Batalhoes_Diversos,Nao,Nao,Nao,Nao,Sim
crime_681,Zona_Naorte,Medio,2,Sim,Sim,Nao,Sim,2,Sim,Batalhao_Dedicado,Sim,Sim,Nao,Nao,Sim
crime_682,Zona_Sul,Neutro,3,Sim,Sim,Nao,Sim,3,Nao,Patrulhamento_Batalhoes_Diversos,Sim,Sim,Nao,Nao,Sim
crime_683,Zona_Naorte,Neutro,2,Sim,Sim,Nao,Sim,2,Sim,Patrulhamento_Batalhoes_Diversos,Sim,Sim,Nao,Nao,Sim
crime_684,Zona_Naorte,Neutro,2,Sim,Sim,Nao,Sim,2,Sim,Patrulhamento_Batalhoes_Diversos,Sim,Sim,Nao,Nao,Sim
crime_685,Zona_Sul,Altissimo,1,Sim,Nao,Nao,Sim,2,Sim,Batalhao_Dedicado,Sim,Sim,Nao,Nao,Sim
crime_686,Zona_Sul,Neutro,2,Sim,Sim,Nao,Sim,2,Nao,Patrulhamento_Batalhoes_Diversos,Sim,Sim,Nao,Nao,Sim
crime_687,Zona_Sul,Neutro,2,Sim,Sim,Nao,Sim,2,Nao,Patrulhamento_Batalhoes_Diversos,Sim,Sim,Nao,Nao,Sim
crime_688,Zona_Sul,Neutro,1,Sim,Sim,Nao,Sim,1,Sim,Patrulhamento_Batalhoes_Diversos,Sim,Sim,Nao,Nao,Sim
crime_689,Zona_Sul,Medio,3,Sim,Sim,Sim,Sim,4,Sim,Policiamento_via_Companhia,Sim,Sim,Sim,Nao,Sim
crime_690,Zona_Sul,Altissimo,4,Sim,Sim,Nao,Nao,4,Sim,Policiamento_via_Companhia,Sim,Sim,Nao,Sim,Sim
crime_691,Zona_Sul,Altissimo,4,Sim,Sim,Nao,Nao,4,Nao,Batalhao_Dedicado,Sim,Sim,Sim,Sim,Sim
crime_692,Zona_Sul,Altissimo,2,Sim,Sim,Nao,Sim,2,Sim,Patrulhamento_Batalhoes_Diversos,Nao,Sim,Sim,Sim,Sim
crime_693,Zona_Sul,Altissimo,5+,Sim,Sim,Nao,Sim,5+,Sim,Batalhao_Dedicado,Nao,Sim,Nao,Sim,Sim
crime_694,Zona_Sul,Altissimo,3,Sim,Nao,Nao,Sim,3,Sim,Batalhao_Dedicado,Nao,Nao,Nao,Sim,Sim
crime_695,Zona_Sul,Altissimo,3,Sim,Sim,Nao,Sim,3,Nao,Patrulhamento_Batalhoes_Diversos,Nao,Sim,Nao,Nao,Sim
crime_696,Zona_Sul,Altissimo,2,Nao,Sim,Nao,Sim,2,Nao,Patrulhamento_Batalhoes_Diversos,Nao,Sim,Nao,Nao,Sim
crime_697,Zona_Sul,Altissimo,0,Sim,Sim,Nao,Sim,0,Sim,Patrulhamento_Batalhoes_Diversos,Nao,Sim,Nao,Nao,Sim
crime_698,Zona_Sul,Altissimo,3,Sim,Nao,Nao,Sim,3,Sim,Patrulhamento_Batalhoes_Diversos,Sim,Nao,Sim,Nao,Sim
crime_699,Zona_Sul,Altissimo,3,Sim,Nao,Nao,Sim,3,Sim,Patrulhamento_Batalhoes_Diversos,Sim,Sim,Nao,Sim,Sim
crime_700,Zona_Sul,Altissimo,3,Sim,Sim,Sim,Nao,3,Nao,Batalhao_Dedicado,Sim,Sim,Sim,Sim,Sim
crime_701,Zona_Sul,Altissimo,5+,Sim,Sim,Nao,Nao,5+,DP_12_Horas,Policia_Comunitaria_Escolar,Nao,Nao,Sim,Nao,Nao
crime_702,Zona_Sul,Baixissimo,5+,Nao,Nao,Nao,Sim,Sim,DP_12_Horas,Nao,Nao,Nao,Sim,Nao,Nao
crime_703,Zona_Sul,Baixo,5+,Nao,Nao,Nao,Sim,Sim,DP_12_Horas,Sim,Nao,Nao,Nao,Nao,Nao
crime_704,Zona_Sul,Altissimo,4,Sim,Sim,Nao,Sim,5+,Sim,Patrulhamento_Batalhoes_Diversos,Sim,Sim,Sim,Sim,Sim
crime_705,Zona_Sul,Baixissimo,4,Sim,Sim,Sim,Sim,5+,Sim,Patrulhamento_Batalhoes_Diversos,Sim,Sim,Sim,Sim,Sim
crime_706,Zona_Sul,Medio,4,Sim,Sim,Nao,Nao,4,Nao,Patrulhamento_Batalhoes_Diversos,Sim,Nao,Nao,Sim,Sim
crime_707,Zona_Sul,Altissimo,3,Sim,Sim,Nao,Nao,3,Sim,Patrulhamento_Batalhoes_Diversos,Sim,Sim,Sim,Sim,Sim
crime_708,Zona_Sul,Altissimo,2,Sim,Sim,Nao,Nao,3,Sim,Patrulhamento_Batalhoes_Diversos,Sim,Sim,Nao,Sim,Sim
crime_709,Zona_Sul,Altissimo,3,Sim,Sim,Nao,Nao,2,Sim,Patrulhamento_Batalhoes_Diversos,Sim,Sim,Sim,Sim,Sim
crime_710,Zona_Sul,Altissimo,2,Sim,Sim,Nao,Nao,2,Sim,Policia_Comunitaria_Escolar,Sim,Sim,Nao,Sim,Sim
crime_711,Zona_Sul,Altissimo,1,Nao,Nao,Nao,Sim,3,DP_12_Horas,Policia_Comunitaria_Escolar,Nao,Nao,Sim,Nao,Nao
crime_712,Zona_Sul,Altissimo,2,Sim,Sim,Nao,Nao,2,Sim,Policia_Comunitaria_Escolar,Sim,Sim,Sim,Nao,Nao
crime_713,Zona_Sul,Altissimo,1,Sim,Nao,Nao,Sim,1,Sim,Batalhao_Dedicado,Sim,Sim,Sim,Nao,Sim
crime_714,Zona_Sul,Altissimo,1,Nao,Sim,Nao,Sim,1,Nao,Batalhao_Dedicado,Sim,Sim,Nao,Sim,Sim
crime_715,Zona_Sul,Baixo,4,Sim,Sim,Nao,Sim,3,Sim,Patrulhamento_Batalhoes_Diversos,Sim,Sim,Nao,Sim,Sim
crime_716,Zona_Sul,Altissimo,2,Sim,Nao,Nao,Sim,2,Sim,Batalhao_Dedicado,Sim,Sim,Sim,Sim,Sim
crime_717,Zona_Sul,Altissimo,2,Sim,Sim,Nao,Nao,2,Nao,Patrulhamento_Batalhoes_Diversos,Sim,Sim,Nao,Sim,Sim
crime_718,Zona_Sul,Altissimo,4,Sim,Sim,Sim,Sim,4,Sim,Patrulhamento_Batalhoes_Diversos,Sim,Sim,Sim,Nao,Sim
crime_719,Zona_Sul,Altissimo,1,Sim,Nao,Nao,Sim,1,Nao,Policia_Comunitaria_Escolar,Sim,Sim,Sim,Sim,Sim
crime_720,Zona_Sul,Altissimo,1,Nao,Nao,Nao,Sim,3,DP_12_Horas,Policia_Comunitaria_Escolar,Nao,Nao,Sim,Nao,Nao
crime_721,Zona_Sul,Altissimo,5+,Sim,Sim,Nao,Sim,5+,Sim,Patrulhamento_Batalhoes_Diversos,Sim,Sim,Nao,Sim,Sim
crime_722,Zona_Sul,Medio,3,Sim,Sim,Nao,Nao,3,Sim,Batalhao_Dedicado,Sim,Sim,Sim,Sim,Sim
crime_723,Zona_Sul,Medio,3,Sim,Sim,Nao,Nao,5+,Sim,Patrulhamento_Batalhoes_Diversos,Sim,Nao,Nao,Sim,Sim
crime_724,Zona_Sul,Medio,3,Sim,Sim,Nao,Nao,5+,Sim,Patrulhamento_Batalhoes_Diversos,Sim,Nao,Nao,Sim,Sim
crime_725,Zona_Sul,Baixo,4,Sim,Sim,Nao,Sim,2,Sim,Batalhao_Dedicado,Sim,Sim,Sim,Sim,Sim
crime_726,Zona_Sul,Baixissimo,5+,Sim,Sim,Sim,Nao,5+,Sim,Batalhao_Dedicado,Sim,Sim,Sim,Sim,Sim
crime_727,Zona_Sul,Baixissimo,5+,Sim,Sim,Sim,Sim,5+,Sim,Batalhao_Dedicado,Sim,Sim,Nao,Sim,Sim
crime_728,Zona_Sul,Altissimo,1,Nao,Sim,Sim,Nao,1,Nao,Batalhao_Dedicado,Sim,Sim,Nao,Nao,Sim
crime_729,Zona_Sul,Altissimo,3,Sim,Sim,Sim,Nao,3,Sim,Batalhao_Dedicado,Sim,Sim,Sim,Sim,Sim
crime_730,Zona_Sul,Altissimo,4,Sim,Sim,Nao,Sim,4,Sim,Patrulhamento_Batalhoes_Diversos,Sim,Sim,Nao,Nao,Sim
crime_731,Zona_Sul,Altissimo,2,Sim,Sim,Nao,Sim,2,Nao,Patrulhamento_Batalhoes_Diversos,Sim,Sim,Nao,Nao,Sim
crime_732,Zona_Sul,Altissimo,3,Sim,Sim,Nao,Sim,3,Nao,Patrulhamento_Batalhoes_Diversos,Sim,Sim,Nao,Nao,Sim
crime_733,Zona_Sul,Altissimo,1,Nao,Nao,Nao,Sim,3,DP_12_Horas,Policia_Comunitaria_Escolar,Nao,Nao,Sim,Nao,Nao
crime_734,Zona_Sul,Altissimo,5+,Sim,Sim,Sim,Sim,5+,Sim,Policiamento_via_Companhia,Nao,Nao,Nao,Sim,Sim
crime_735,Zona_Oeste,Altissimo,1,Sim,Nao,Nao,Sim,1,Nao,Patrulhamento_Batalhoes_Diversos,Sim,Sim,Nao,Sim,Sim
crime_736,Zona_Sul,Altissimo,2,Nao,Nao,Nao,Sim,Nao,DP_12_Horas,Nao,Nao,Nao,Nao,Sim,Nao
crime_737,Zona_Sul,Medio,2,Sim,Sim,Sim,Nao,3,Sim,Patrulhamento_Batalhoes_Diversos,Sim,Sim,Sim,Nao,Nao
crime_738,Zona_Sul,Altissimo,1,Nao,Nao,Nao,Sim,3,DP_12_Horas,Policia_Comunitaria_Escolar,Nao,Nao,Sim,Nao,Nao
crime_739,Zona_Sul,Altissimo,5+,Sim,Sim,Nao,Sim,5+,Sim,Policiamento_via_Companhia,Sim,Sim,Nao,Sim,Sim
crime_740,Zona_Sul,Altissimo,1,Nao,Nao,Nao,Sim,3,DP_12_Horas,Policia_Comunitaria_Escolar,Nao,Nao,Sim,Nao,Nao
crime_741,Zona_Sul,Altissimo,2,Sim,Nao,Nao,Sim,2,Nao,Policia_Comunitaria_Escolar,Sim,Nao,Nao,Sim,Sim
crime_742,Zona_Sul,Altissimo,3,Sim,Sim,Nao,Sim,3,Sim,Patrulhamento_Batalhoes_Diversos,Sim,Nao,Sim,Sim,Sim
crime_743,Centro,Altissimo,3,Sim,Sim,Nao,Nao,4,Sim,Policia_Comunitaria_Escolar,Sim,Sim,Nao,Sim,Sim
crime_744,Zona_Sul,Altissimo,5+,Sim,Sim,Sim,Sim,5+,Sim,Batalhao_Dedicado,Sim,Sim,Sim,Sim,Sim
crime_745,Zona_Sul,Altissimo,4,Sim,Sim,Nao,Nao,3,Sim,Patrulhamento_Batalhoes_Diversos,Sim,Sim,Nao,Sim,Sim
crime_746,Zona_Sul,Altissimo,4,Sim,Sim,Sim,Nao,3,Sim,Batalhao_Dedicado,Sim,Sim,Sim,Sim,Sim
crime_747,Zona_Sul,Altissimo,3,Sim,Sim,Sim,Nao,3,Sim,Batalhao_Dedicado,Sim,Nao,Sim,Sim,Sim
crime_748,Zona_Sul,Altissimo,5+,Sim,Sim,Sim,Sim,5+,Sim,Patrulhamento_Batalhoes_Diversos,Sim,Sim,Sim,Sim,Sim
crime_749,Zona_Sul,Altissimo,5+,Sim,Sim,Nao,Nao,5+,Sim,Patrulhamento_Batalhoes_Diversos,Sim,Sim,Sim,Sim,Sim
crime_750,Zona_Sul,Baixissimo,5+,Sim,Sim,Sim,Sim,5+,Sim,Batalhao_Dedicado,Sim,Sim,Sim,Sim,Sim
crime_751,Zona_Sul,Baixo,4,Sim,Sim,Nao,Nao,4,Sim,Batalhao_Dedicado,Sim,Sim,Nao,Sim,Sim
crime_752,Zona_Sul,Altissimo,4,Sim,Sim,Sim,Nao,3,Sim,Policiamento_via_Companhia,Sim,Sim,Sim,Sim,Sim
crime_753,Zona_Sul,Baixissimo,4,Sim,Sim,Sim,Nao,4,Sim,Policiamento_via_Companhia,Nao,Sim,Sim,Sim,Sim
crime_754,Zona_Sul,Baixissimo,5+,Sim,Sim,Sim,Sim,5+,Sim,Patrulhamento_Batalhoes_Diversos,Sim,Sim,Nao,Nao,Sim
crime_755,Zona_Sul,Baixo,5+,Sim,Sim,Nao,Nao,5+,Sim,Patrulhamento_Batalhoes_Diversos,Sim,Sim,Sim,Sim,Sim
crime_756,Zona_Sul,Baixo,3,Sim,Sim,Nao,Sim,3,Sim,Batalhao_Dedicado,Sim,Sim,Sim,Sim,Sim
crime_757,Zona_Sul,Baixo,5+,Sim,Sim,Nao,Sim,5+,Sim,Policia_Comunitaria_Escolar,Sim,Sim,Nao,Sim,Sim
crime_758,Zona_Sul,Baixissimo,3,Nao,Sim,Sim,Sim,5+,Sim,Batalhao_Dedicado,Sim,Sim,Sim,Sim,Sim
crime_759,Zona_Sul,Baixissimo,4,Sim,Sim,Sim,Sim,3,Sim,Batalhao_Dedicado,Sim,Nao,Sim,Sim,Sim
crime_760,Zona_Sul,Baixissimo,5+,Sim,Sim,Sim,Sim,5+,Sim,Batalhao_Dedicado,Sim,Sim,Nao,Sim,Sim
crime_761,Zona_Sul,Baixo,3,Sim,Sim,Sim,Nao,3,Sim,Batalhao_Dedicado,Sim,Sim,Sim,Sim,Sim
crime_762,Zona_Sul,Baixissimo,4,Sim,Sim,Sim,Nao,5+,Sim,Batalhao_Dedicado,Sim,Nao,Sim,Sim,Sim
crime_763,Zona_Sul,Baixissimo,5+,Nao,Sim,Sim,Sim,5+,Sim,Batalhao_Dedicado,Sim,Sim,Sim,Sim,Sim
crime_764,Zona_Sul,Baixissimo,5+,Sim,Sim,Sim,Nao,5+,Nao,Policiamento_via_Companhia,Sim,Sim,Sim,Sim,Sim
crime_765,Zona_Sul,Baixissimo,5+,Sim,Sim,Sim,Sim,5+,Sim,Batalhao_Dedicado,Sim,Sim,Sim,Sim,Sim
crime_766,Zona_Sul,Baixo,5+,Sim,Sim,Nao,Nao,5+,Sim,Batalhao_Dedicado,Sim,Nao,Sim,Sim,Sim
crime_767,Zona_Sul,Medio,3,Sim,Sim,Nao,Nao,3,Sim,Batalhao_Dedicado,Sim,Nao,Sim,Sim,Sim
crime_768,Zona_Sul,Medio,4,Sim,Sim,Nao,Nao,4,Nao,Batalhao_Dedicado,Sim,Nao,Nao,Sim,Sim
crime_769,Zona_Sul,Baixo,5+,Sim,Sim,Nao,Nao,5+,Sim,Patrulhamento_Batalhoes_Diversos,Sim,Nao,Sim,Sim,Sim
crime_770,Zona_Sul,Neutro,2,Sim,Sim,Nao,Sim,2,Nao,Patrulhamento_Batalhoes_Diversos,Sim,Sim,Nao,Nao,Sim
crime_771,Zona_Oeste,Neutro,2,Sim,Sim,Nao,Nao,2,Nao,Patrulhamento_Batalhoes_Diversos,Sim,Sim,Nao,Nao,Sim
crime_772,Centro,Neutro,2,Sim,Sim,Nao,Sim,2,Nao,Patrulhamento_Batalhoes_Diversos,Sim,Sim,Nao,Nao,Sim
crime_773,Zona_Sul,Altissimo,4,Sim,Sim,Nao,Nao,3,Sim,Patrulhamento_Batalhoes_Diversos,Sim,Sim,Nao,Sim,Sim
crime_774,Zona_Sul,Altissimo,4,Sim,Sim,Sim,Nao,3,Sim,Batalhao_Dedicado,Sim,Sim,Sim,Sim,Sim
crime_775,Zona_Sul,Altissimo,3,Sim,Sim,Sim,Nao,3,Sim,Batalhao_Dedicado,Sim,Nao,Sim,Sim,Sim
crime_776,Zona_Sul,Altissimo,5+,Sim,Sim,Sim,Sim,5+,Sim,Patrulhamento_Batalhoes_Diversos,Sim,Sim,Sim,Sim,Sim
crime_777,Zona_Sul,Altissimo,5+,Sim,Sim,Nao,Nao,5+,Sim,Patrulhamento_Batalhoes_Diversos,Sim,Sim,Sim,Sim,Sim
crime_778,Zona_Sul,Baixissimo,5+,Sim,Sim,Sim,Sim,5+,Sim,Batalhao_Dedicado,Sim,Sim,Sim,Sim,Sim
crime_779,Zona_Sul,Baixo,4,Sim,Sim,Nao,Nao,4,Sim,Batalhao_Dedicado,Sim,Sim,Nao,Sim,Sim
crime_780,Zona_Sul,Altissimo,4,Sim,Sim,Sim,Nao,3,Sim,Policiamento_via_Companhia,Sim,Sim,Sim,Sim,Sim